Date,Open,High,Low,Close,Volume
2020-06-12,400.76058674103956,408.508635622693,396.3076913328058,403.1651611328125,137057.0
2020-06-15,397.3764304630212,406.1040953245457,394.7046929937808,404.32293701171875,135311.0
2020-06-16,412.1599355592989,421.60007805668283,411.3584199236833,417.7705993652344,207010.0
2020-06-17,417.68157074697115,424.6280764040594,416.16757550406743,422.4906921386719,160066.0
2020-06-18,421.243931406908,424.1828316849312,419.6408998331351,421.42205810546875,165141.0
2020-06-19,425.87493194428345,425.87493194428345,417.2363038951907,422.9360046386719,364627.0
2020-06-22,415.1879694125162,424.62808572335246,415.1879694125162,419.4627380371094,98117.0
2020-06-23,422.7578938215159,423.1141200125223,416.791003203473,420.4423828125,127505.0
2020-06-24,419.6408980657114,423.82660368107526,414.3864594418028,415.27703857421875,157005.0
2020-06-25,413.2286963864853,414.11927547352514,406.2821903789013,412.2490539550781,133895.0
2020-06-26,415.7222769940835,419.90800927279463,414.3864084598116,415.81134033203125,103466.0
2020-06-29,415.9004197638279,421.6891836363438,415.72229308103954,420.2642517089844,92762.0
2020-06-30,423.0250744823242,423.0250744823242,419.64088475779255,422.3126220703125,119407.0
2020-07-01,423.0250610176511,430.95120935684486,422.4016447932459,426.943603515625,165350.0
2020-07-02,428.81382043582875,431.93084716796875,426.40924608542286,431.93084716796875,103406.0
2020-07-03,433.08859161671705,434.60258690965514,426.7655019514633,427.7451171875,77569.0
2020-07-06,435.49319954841053,443.5084118100377,424.9843765656045,430.5059509277344,222069.0
2020-07-07,429.17006942323275,440.56949838470325,428.4576170036548,432.37615966796875,187680.0
2020-07-08,428.4576165640141,432.9105121276012,427.83420031378483,428.8138427734375,114985.0
2020-07-09,431.30745131556495,435.22602113507696,428.45761447574966,429.6153564453125,107895.0
2020-07-10,429.1700801093382,432.8214600018072,427.38892183772583,431.3074645996094,103623.0
2020-07-13,432.10902954305567,434.60264037881933,429.43729199974325,433.3558349609375,109259.0
2020-07-14,428.3685407262291,432.4652099609375,423.9156452924845,432.4652099609375,156116.0
2020-07-15,436.4728675821865,437.89779972553146,432.73242410319597,433.7120666503906,136924.0
2020-07-16,433.0886264554934,447.4269560963017,432.643336883905,446.536376953125,216320.0
2020-07-17,447.42690211332393,448.8518340061494,443.6864864702619,444.30987548828125,146840.0
2020-07-20,442.70688313982924,453.1266424698105,442.35065692978435,452.7704162597656,86914.0
2020-07-21,454.7297011824891,455.0859273925341,450.8111585153598,452.7704162597656,120803.0
2020-07-22,451.70174748340366,454.72971110231623,450.9892678694536,453.3047790527344,62479.0
2020-07-23,453.83913637752653,455.08594174115365,451.7017518715488,453.48291015625,66585.0
2020-07-24,449.0299990031123,451.167383435589,447.7831665040431,450.8111572265625,85959.0
2020-07-27,449.7424244526821,460.251246469557,449.38619826501645,458.2919616699219,115392.0
2020-07-28,460.6075084156431,460.6075084156431,453.8391020106511,456.8670654296875,110835.0
2020-07-29,454.90781778401936,460.9637451171875,454.90781778401936,460.9637451171875,76857.0
2020-07-30,460.9637333782469,460.9637333782469,448.49565280599955,453.12664794921875,112664.0
2020-07-31,453.8391049779118,456.15461602348455,447.2488252161406,448.139404296875,98334.0
2020-08-03,449.38619215072265,460.7856202491364,447.4269073777453,459.5387878417969,108667.0
2020-08-04,460.96371824566637,462.03242403195844,453.30475976440283,455.7983703613281,119614.0
2020-08-05,457.57953321980494,460.7856506113804,456.867080807222,457.7576599121094,92764.0
2020-08-06,458.29200979477946,462.2105798055354,456.688978192793,459.0045166015625,80041.0
2020-08-07,457.4013763882523,461.31994593420694,455.4421187935906,459.5387878417969,65462.0
2020-08-10,461.31995665887285,461.8542823563653,456.1546089421271,458.4700927734375,56299.0
2020-08-11,460.78562684966283,463.1011106603116,459.00446873173854,460.0731201171875,96993.0
2020-08-12,458.6482291197881,464.1698303222656,456.5108175715278,464.1698303222656,73612.0
2020-08-13,461.49811920161085,467.91029985290356,461.3199925030623,465.77288818359375,81995.0
2020-08-14,465.0604043910694,465.0604043910694,457.7576450960318,460.42938232421875,72605.0
2020-08-17,460.607518101184,462.5668029785156,458.11390751032286,462.5668029785156,94592.0
2020-08-18,468.44458349373343,475.3910892597666,463.10110915730303,463.27923583984375,129833.0
2020-08-19,463.99169541548974,467.55401169507127,461.14183152049804,467.3758850097656,81105.0
2020-08-20,465.06040913041414,465.77286152719785,458.8263555344478,462.388671875,90049.0
2020-08-21,463.6354612091278,465.5947461152107,459.716945753597,464.8822937011719,77832.0
2020-08-24,467.9102914123528,472.8975127419298,467.9102914123528,468.97894287109375,87408.0
2020-08-25,468.80085689646717,470.225761704433,464.34796142578125,464.34796142578125,88636.0
2020-08-26,464.3479537469509,471.47258638222974,460.42938405489423,471.1163330078125,68555.0
2020-08-27,471.11635678340105,474.1443475488599,468.8008728027344,468.8008728027344,76566.0
2020-08-28,467.0197162983488,467.732168729166,462.2105672662192,465.5947570800781,77055.0
2020-08-31,467.7321948772086,468.4446473478547,463.635498046875,463.635498046875,79445.0
2020-09-01,465.06039838825365,467.3758822134751,460.2512496969385,463.4573669433594,98614.0
2020-09-02,466.6634267114196,474.50051155585754,466.6634267114196,470.40386962890625,124927.0
2020-09-03,472.54123083494574,473.0756108887039,456.1546086290462,456.6889343261719,120444.0
2020-09-04,456.3327446565202,463.10112395630506,451.16736965924827,453.6609802246094,105183.0
2020-09-07,454.90781778401936,463.2792835152418,454.5515915605951,460.9637451171875,86690.0
2020-09-08,460.07313577903705,462.9229997360576,454.90778793254384,462.744873046875,101484.0
2020-09-09,463.1011101508236,469.8694892488367,463.1011101508236,468.6227111816406,98978.0
2020-09-10,466.66342092660756,468.44457902174724,461.3199466411884,463.1011047363281,87989.0
2020-09-11,461.3199707630612,466.6634453278843,461.3199707630612,464.34796142578125,59132.0
2020-09-14,467.91027578926366,469.69143396987505,465.9509909192643,466.30718994140625,98543.0
2020-09-15,466.84157279029796,473.2537531500197,466.30719271895117,469.6914367675781,88234.0
2020-09-16,471.65070471337725,475.925528196779,471.65070471337725,473.7881164550781,119481.0
2020-09-17,469.15704816178413,473.788070246042,468.4445957695829,471.1163330078125,107151.0
2020-09-18,471.8287788122078,473.43181026143696,466.6634310950774,470.5820007324219,219285.0
2020-09-21,469.6914536813905,470.7601051492982,461.49811483540196,465.5947570800781,116015.0
2020-09-22,466.129130830826,470.22577301978356,462.7448867063601,466.8415832519531,78953.0
2020-09-23,470.2257997900023,478.7753380435288,468.44464145746446,473.7881164550781,134894.0
2020-09-24,470.5820075898535,474.85677630230157,468.80084942994733,472.8974914550781,123307.0
2020-09-25,474.67862381064725,475.74732951982094,469.5132762990432,474.85675048828125,83412.0
2020-09-28,479.13160066835974,481.62521151054744,476.8161165341797,481.2690124511719,79128.0
2020-09-29,480.0221517254407,486.25620564395297,479.48782598936566,483.4063415527344,100656.0
2020-09-30,480.91271603432057,489.4622536878324,480.2002636226337,486.07806396484375,130069.0
2020-10-01,486.9686428275574,490.3528325488708,483.40632641425174,484.2969055175781,92417.0
2020-10-02,480.91273103986185,485.1875,478.77531938147456,485.1875,76231.0
2020-10-05,488.03735771640464,489.46226256562306,484.47504123672286,486.434326171875,63337.0
2020-10-06,486.9686425847241,486.9686425847241,481.4470412755268,482.5157470703125,73629.0
2020-10-07,481.8032265999174,484.47496353115537,480.02206864575874,480.2001953125,106088.0
2020-10-08,482.69390003213437,485.72189088938217,481.26899513262816,484.1188049316406,67495.0
2020-10-09,482.69386333500574,485.89992629347046,480.9127051677179,485.3656005859375,79642.0
2020-10-12,485.899931752795,492.6683654785156,484.8312803257223,492.6683654785156,135422.0
2020-10-13,491.24347155042494,496.7650735356348,490.3528923385085,492.8465576171875,103759.0
2020-10-14,495.1620241582593,500.50549923910387,491.77783414505234,492.134033203125,111339.0
2020-10-15,487.50306673496095,488.39364591835937,478.77534725234455,481.2690124511719,161350.0
2020-10-16,483.7625954967179,490.88722855452926,483.7625954967179,488.74981689453125,126003.0
2020-10-19,489.284179192311,491.59966310922965,485.72186279296875,485.72186279296875,73168.0
2020-10-20,482.33759092253257,489.46222331049694,482.15951859813856,487.85919189453125,98930.0
2020-10-21,488.57170039444424,489.1060804989158,478.77532973547943,480.5564880371094,114957.0
2020-10-22,478.9534458966542,486.9686580775985,478.2409934630087,483.4063415527344,118721.0
2020-10-23,482.33758806502505,486.07803091787315,480.9126833385263,483.940673828125,91812.0
2020-10-26,480.0220850003071,483.2281476843737,475.034864301397,476.103515625,103198.0
2020-10-27,475.9254517599479,478.0628088017363,472.89746133829374,474.6786193847656,124556.0
2020-10-28,472.8974839293882,474.1443163641338,463.9916932715843,467.0196838378906,183290.0
2020-10-29,475.9254647639866,476.45979044987604,462.9229780554879,463.1011047363281,242273.0
2020-10-30,461.319977274343,468.4446101280008,458.82636664688977,464.8822937011719,135187.0
2020-11-02,464.3479537469509,471.1163330078125,462.92299460591516,471.1163330078125,148098.0
2020-11-03,473.2537998005859,481.62521151054744,470.22580883437536,481.2690124511719,121909.0
2020-11-04,477.5285227221727,491.243408203125,475.92549121876715,491.243408203125,129973.0
2020-11-05,493.7371048102546,504.06780125588256,493.55897810809455,503.7115478515625,180542.0
2020-11-06,501.574199147037,503.53348419131675,495.6963440141978,502.2866516113281,104377.0
2020-11-09,507.6301102871059,513.3298385312299,491.42155905222523,492.4902648925781,238117.0
2020-11-10,489.9966756102952,491.9559606772351,477.7066938000568,488.57171630859375,255637.0
2020-11-11,488.0373155954938,496.76497934613076,485.3655784663214,494.8056945800781,104869.0
2020-11-12,493.38081481825185,504.42401725358826,493.0245614403505,501.3960266113281,147544.0
2020-11-13,500.3273291568885,501.396034951736,496.23068702604684,498.1899719238281,101148.0
2020-11-16,499.6148637478264,501.21789522007566,494.4495159565196,499.4367370605469,106140.0
2020-11-17,498.0118369478005,503.5334381654687,497.29938454863156,501.3960266113281,85052.0
2020-11-18,500.683593547759,501.21791927861204,496.94315036188004,498.9024353027344,88245.0
2020-11-19,496.4087586178974,498.7242422858588,493.38076826136745,495.16192626953125,107594.0
2020-11-20,495.34012512547235,498.54618826472154,493.9151658973109,497.6556091308594,78295.0
2020-11-23,499.4367209386758,499.792974301735,494.98382568359375,494.98382568359375,71889.0
2020-11-24,496.23073425961417,496.7650600295802,484.6532048194711,486.96868896484375,146047.0
2020-11-25,486.6124528671862,488.7498101410139,482.15955726758403,486.434326171875,106186.0
2020-11-26,487.14679364870335,488.3936261977718,482.6938979115123,483.7626037597656,73055.0
2020-11-27,480.91273961663586,484.11880280475845,480.5564862150056,483.7626037597656,92149.0
2020-11-30,480.91273557115517,489.818526970621,480.378409829842,487.14678955078125,157084.0
2020-12-01,487.85918635856115,488.21543971656934,480.7345540514434,482.33758544921875,157983.0
2020-12-02,479.84402802069116,482.1595663902769,469.335205078125,469.335205078125,210459.0
2020-12-03,469.15708475622796,473.07565475393466,465.2385691151587,468.08837890625,191680.0
2020-12-04,469.3351742699033,471.1163324265253,464.8822788783482,467.55401611328125,169929.0
2020-12-07,466.48533179098774,468.44461672466133,464.88230024766773,465.4166259765625,81330.0
2020-12-08,465.4166307639637,470.2257798000276,464.88230502957276,469.1570739746094,119744.0
2020-12-09,471.6506628594574,473.96620110026066,467.55402080080853,469.5133056640625,111515.0
2020-12-10,471.1163434809797,472.8975016793955,468.2664794921875,468.2664794921875,103141.0
2020-12-11,466.66346328639105,471.4726123224549,465.5947574609728,469.1570739746094,112110.0
2020-12-14,471.65068909107396,472.3631958857999,466.8415943664946,469.335205078125,117130.0
2020-12-15,468.2664992426729,473.9662274606597,467.73217350326524,469.335205078125,96805.0
2020-12-16,469.33518970329953,470.76009453279977,464.526040779625,468.4446105957031,151573.0
2020-12-17,468.8008886835126,479.8440375856139,468.44463527904827,476.81610107421875,148119.0
2020-12-18,476.816088042663,480.5564769041228,475.21300212302447,478.0628662109375,205212.0
2020-12-21,476.2816819461198,480.20025164763024,473.0756189951628,478.240966796875,113005.0
2020-12-22,481.44705446644133,484.11879184828985,479.3096971749443,483.0501403808594,86038.0
2020-12-23,484.1187872199097,484.47504061007135,478.4191134737726,481.0908508300781,64599.0
2020-12-28,483.5844171648371,489.2841447451596,481.8032590905651,489.10601806640625,74923.0
2020-12-29,487.14671523279424,495.16192626953125,487.14671523279424,495.16192626953125,88886.0
2020-12-30,495.34011820377265,497.47747548119327,493.0245798741055,493.5589599609375,70152.0
2021-01-04,498.36808152276865,503.53348419131675,495.1620182551391,502.2866516113281,136349.0
2021-01-05,502.1084984011244,505.31461585615034,498.18998287605166,498.9024353027344,109971.0
2021-01-06,501.7523519839218,507.2738996372238,497.6556549767707,505.6708679199219,114145.0
2021-01-07,507.63008210233426,516.1796196371937,507.09575639014326,513.8641357421875,143044.0
2021-01-08,514.2203746391172,520.8106271159479,514.2203746391172,518.3170166015625,104966.0
2021-01-11,519.2076461446214,523.838668611064,516.892162089719,521.1669311523438,146826.0
2021-01-12,523.6604670411704,530.7850992458121,522.413634662706,529.1820678710938,224676.0
2021-01-13,529.8945557540421,533.9911978037729,522.9480497600218,532.9225463867188,157172.0
2021-01-14,534.3474902424203,534.8818159900077,502.99909327687084,503.3553466796875,341142.0
2021-01-15,503.17718870024476,503.7115144146179,494.271397749798,498.0118408203125,3685830.0
2021-01-18,499.43677165328825,504.0677940601506,495.87445508749215,496.0525817871094,137999.0
2021-01-19,498.72429740041053,499.7930031947384,495.3401076822347,496.4088134765625,131305.0
2021-01-20,497.2994536767695,500.6836438107235,491.59972497784804,492.8465576171875,158738.0
2021-01-21,496.7650712929855,498.72435642168466,494.4495870951127,496.5869445800781,127292.0
2021-01-22,496.586907529324,499.43677165328825,493.9151701049769,496.0525817871094,106727.0
2021-01-25,498.7242765165411,498.7242765165411,489.9966125488281,489.9966125488281,112896.0
2021-01-26,490.70910203963587,495.8744501371468,490.5309753417969,490.5309753417969,87295.0
2021-01-27,490.35284846121147,492.31213342343693,483.5844687989453,488.74981689453125,166091.0
2021-01-28,486.96861388357695,494.27137296812606,482.33759195020696,493.2026672363281,164808.0
2021-01-29,488.9279235292999,492.8464932929534,485.36560714657276,485.8999328613281,140224.0
2021-02-01,488.0372850291207,493.73701229036004,486.79045270427844,493.0245056152344,107836.0
2021-02-02,495.3400680134291,496.2306470446087,493.5589099510699,494.2713623046875,110441.0
2021-02-03,494.093270285702,497.29938763682253,491.42153300475195,492.6683654785156,98350.0
2021-02-04,494.4495544433594,498.3680700853512,491.9559436972487,494.4495544433594,102274.0
2021-02-05,494.09329168788975,496.765029084569,488.39361785562255,488.74981689453125,85883.0
2021-02-08,489.9966043975658,496.230657750317,488.3935729781847,493.2026672363281,80482.0
2021-02-09,493.3808440334327,494.093296474789,489.99665416951274,492.4902648925781,69251.0
2021-02-10,492.66836939897325,494.98385331823533,487.68109382086595,489.2841796875,72568.0
2021-02-11,489.1060253471728,494.44949964953094,488.2154462967798,493.2026672363281,52041.0
2021-02-12,492.6683703747325,497.1212658872362,492.13399029925125,496.4088134765625,53319.0
2021-02-15,496.76504104442216,501.3960635148209,496.40884199693784,500.14923095703125,52948.0
2021-02-16,500.861691158424,501.9303425580732,494.8057099917038,495.6962890625,71377.0
2021-02-17,495.69627735660873,495.69627735660873,489.81847737081154,491.4215087890625,88036.0
2021-02-18,493.02451359115537,495.1619249378551,487.8591662526977,489.8184509277344,91068.0
2021-02-19,489.640347001671,495.34007461989125,489.4622203217333,494.8056945800781,90916.0
2021-02-22,493.558915441256,493.558915441256,488.5716401971951,489.46221923828125,93883.0
2021-02-23,489.81850440650356,490.35283012320235,470.7600899469422,482.1595458984375,153621.0
2021-02-24,483.9407567615826,492.66842200947696,483.9407567615826,488.927978515625,127333.0
2021-02-25,494.271444713156,494.271444713156,485.00939950200143,486.7905578613281,94915.0
2021-02-26,483.05013533838866,483.2282076766774,477.17228054569813,477.5285339355469,157390.0
2021-03-01,482.5157974342559,490.35288348631127,481.80334494891275,488.927978515625,89661.0
2021-03-02,489.8185277969662,498.7243192114565,486.96866367300186,496.0525817871094,81118.0
2021-03-03,496.7650603185704,498.7243454039855,492.31216437746343,494.09332275390625,73300.0
2021-03-04,494.27138245063253,498.18995209019147,492.6683510004975,497.1212463378906,96461.0
2021-03-05,494.09330104107033,496.76503848832556,489.81853199678955,494.4495544433594,99826.0
2021-03-08,496.7650117071814,507.45196092005716,493.02456861134795,507.2738342285156,105177.0
2021-03-09,505.13644115325553,512.0829467773438,502.10845068183284,512.0829467773438,98969.0
2021-03-10,508.5206557008694,510.47994055212934,494.6276437676321,506.5613708496094,162378.0
2021-03-11,506.7395782470703,520.2763933176175,505.6708723073825,512.9736328125,156958.0
2021-03-12,513.1516532335618,518.4951274685035,509.58933707693393,515.645263671875,81847.0
2021-03-15,518.1388519044398,520.2762632494663,512.6172512269784,514.2203369140625,97010.0
2021-03-16,517.78276065745,521.523149754598,515.8234755762621,518.67333984375,81588.0
2021-03-17,519.9200370032546,519.9200370032546,514.5765627188293,517.6045532226562,120104.0
2021-03-18,520.0982621670228,520.0982621670228,514.042334369283,514.57666015625,111952.0
2021-03-19,507.8081979291408,514.5765771363989,507.8081979291408,513.1516723632812,280416.0
2021-03-22,509.7674854826599,517.0701904296875,508.34252634529776,517.0701904296875,88575.0
2021-03-23,516.8920756829638,523.304201026693,515.1109176748994,521.344970703125,102498.0
2021-03-24,520.8106065069298,525.6197550174386,518.4951227687621,524.0167236328125,70184.0
2021-03-25,523.6604225711661,526.8664850483394,520.0981067713623,525.0853271484375,72771.0
2021-03-26,527.044719380165,532.0319951327214,525.9760135505718,529.538330078125,75629.0
2021-03-29,530.2508309264108,535.772377996929,529.3602518045033,534.3474731445312,94201.0
2021-03-30,536.1285559788223,538.80029296875,533.6349456595487,538.80029296875,93449.0
2021-03-31,538.9785174862767,543.4314132778741,534.5256216946793,535.7723999023438,102074.0
2021-04-01,538.444055478064,542.5407515971946,536.1285717612818,541.4720458984375,62023.0
2021-04-06,545.3906428849025,548.9529591562432,543.2532313794451,548.4185791015625,100386.0
2021-04-07,547.8842946456875,548.9530004788634,546.281263074242,547.3499145507812,87424.0
2021-04-08,548.4186076977139,550.0216392320774,547.5280285834414,549.8435668945312,90551.0
2021-04-09,551.0903325494351,556.2556804238103,548.5967219573196,554.6526489257812,77037.0
2021-04-12,554.8308013839372,556.0776339162187,550.7341591035323,550.9122314453125,88816.0
2021-04-13,550.7342092454661,554.8308518988524,547.8843448812385,550.1998291015625,91015.0
2021-04-14,550.1997807679728,551.2684866052555,545.3906860351562,545.3906860351562,118990.0
2021-04-15,545.2125702579262,549.131085930943,545.2125702579262,546.1031494140625,85628.0
2021-04-16,548.8254298410803,556.8109741210938,547.5550338114874,556.8109741210938,157180.0
2021-04-19,559.3518769529201,564.7965737874275,555.5405780915008,556.8109741210938,78703.0
2021-04-20,555.5405466928833,559.3518453388916,550.2773511275943,551.729248046875,97602.0
2021-04-21,552.999739866942,558.2629358174626,550.8218389422958,557.5369873046875,68669.0
2021-04-22,558.4444616112116,562.8002082677657,557.8999586626901,559.17041015625,70515.0
2021-04-23,560.0778297447365,564.2520751953125,558.4444317591337,564.2520751953125,88748.0
2021-04-26,563.3446220749098,565.3410219938859,562.2556716294392,563.526123046875,52177.0
2021-04-27,564.2520751953125,569.6967720715355,559.8963287715983,564.2520751953125,112449.0
2021-04-28,565.7041217908741,566.0670684112649,561.5298202589041,561.892822265625,60432.0
2021-04-29,556.4480342231043,562.4371786582082,553.5441847993517,554.8146362304688,107582.0
2021-04-30,557.1739312799469,558.9888300789045,544.8326416015625,544.8326416015625,136042.0
2021-05-03,547.5550784562332,551.5478232286271,545.1956764037812,549.1884765625,80129.0
2021-05-04,544.4696563133141,562.6186448570912,543.380705923424,552.4552001953125,174775.0
2021-05-05,560.0778339241764,571.6931762695312,558.0814339773996,571.6931762695312,165720.0
2021-05-06,573.5080427280844,575.1414406332742,568.7892945903999,574.052490234375,94060.0
2021-05-07,575.3230167823501,577.8638644542816,571.5117175812903,573.5081176757812,88275.0
2021-05-10,573.5080924994279,574.2340410329222,563.7076488314491,565.1595458984375,112820.0
2021-05-11,560.4408012219151,561.3482507416309,551.0033594486653,553.7257080078125,107702.0
2021-05-12,554.6331203732201,560.6222646476081,553.1811680071457,557.35546875,95419.0
2021-05-14,561.7112240998641,564.6150734923456,559.533323208923,563.526123046875,81997.0
2021-05-17,564.4336124543221,566.7929590978329,561.3482618715855,562.6187133789062,59647.0
2021-05-18,567.1558624658829,569.6967096524671,563.5260649461012,566.2484130859375,63713.0
2021-05-19,562.6186051782327,563.1630526416217,557.5369108988903,562.0741577148438,64175.0
2021-05-20,564.433558466544,572.7821044921875,562.8001605321682,572.7821044921875,105365.0
2021-05-21,574.5970107285881,574.9599572817939,570.6042109390858,574.2340087890625,87230.0
2021-05-25,579.6787053450879,585.4864040573851,578.7712558829364,582.945556640625,121712.0
2021-05-26,583.4900512695312,586.7568474424826,581.8566531830555,583.4900512695312,70592.0
2021-05-27,585.1233687916035,589.4791148845799,581.6750721090938,587.30126953125,177773.0
2021-05-28,587.4828227963219,593.2904663085938,586.3938723295455,593.2904663085938,86410.0
2021-05-31,592.2015568229574,593.4720083531671,590.3866577148438,590.3866577148438,44065.0
2021-06-01,592.3829725596039,598.5536175618912,591.4755231361406,595.4683227539062,76955.0
2021-06-02,595.2869214867325,599.4611673792124,594.5609729036481,596.557373046875,61349.0
2021-06-03,596.1942822493337,598.9166305701069,595.1053318437607,597.6461791992188,61980.0
2021-06-04,597.1017409921313,599.4610874190315,596.0127905695931,598.3721923828125,58645.0
2021-06-07,599.0981501463282,605.0872944835539,595.831298828125,595.831298828125,118370.0
2021-06-08,596.9202663505912,606.1762622709144,596.7387653744433,604.724365234375,108202.0
2021-06-09,604.9057710454945,605.6317749023438,601.6389752349451,605.6317749023438,72040.0
2021-06-10,606.5392699800133,607.0837175273026,600.9130719839607,601.45751953125,61275.0
2021-06-11,601.4574356101965,605.4502350209457,601.0944890914194,604.5427856445312,60270.0
2021-06-14,605.6318292017565,607.628173828125,603.9983757637125,607.628173828125,73154.0
2021-06-15,607.9911175060196,612.7098656146732,606.9021671138199,610.3504638671875,72413.0
2021-06-16,613.0728935440683,615.4322956047804,611.439495432083,613.25439453125,62571.0
2021-06-17,611.4394484759624,612.7098999023438,605.0873021166977,612.7098999023438,84997.0
2021-06-18,614.7062775720291,625.9586174833985,613.2543252249914,613.798828125,270139.0
2021-06-21,612.346853692361,620.3323974609375,610.3504539036378,620.3323974609375,67149.0
2021-06-22,620.5139251071462,626.6845703125,618.336079650955,626.6845703125,72937.0
2021-06-23,627.0476224980088,629.4069691111997,624.3252739198698,624.5067749023438,79204.0
2021-06-24,626.1401910236441,634.8516845703125,625.9586900359374,634.8516845703125,91662.0
2021-06-25,635.2146135298373,637.3925143593243,632.6737661529817,634.670166015625,62637.0
2021-06-28,635.2146534009008,637.5739999590038,633.7627563476562,633.7627563476562,60280.0
2021-06-29,634.4886914927388,642.1112339409947,633.7627429814269,641.0223388671875,63971.0
2021-06-30,640.296288578092,643.3816387605254,629.7698974609375,629.7698974609375,100600.0
2021-07-01,633.3997492304934,635.9405967461307,624.1437532790872,628.3180541992188,81848.0
2021-07-02,628.1365319922652,632.4922783556137,625.5956845625052,627.4105834960938,70158.0
2021-07-05,625.2327084134181,630.4959044606787,624.3252589091896,627.047607421875,47468.0
2021-07-06,624.688220310056,631.4033129736031,623.0547669994322,629.951416015625,57190.0
2021-07-07,632.8552859516896,645.0150756835938,632.6737849794449,645.0150756835938,75886.0
2021-07-08,642.6557062050018,643.018652750182,637.0295085846825,639.3888549804688,91478.0
2021-07-09,639.3889091237018,646.4670596830729,639.0259625477873,644.6521606445312,63604.0
2021-07-12,641.9297813478104,652.4561731127649,641.9297813478104,651.730224609375,54525.0
2021-07-13,651.730194969497,657.1748915767838,648.8263457016805,656.8118896484375,63386.0
2021-07-14,656.0859819875982,656.4489839385237,650.096837501576,653.9080810546875,47963.0
2021-07-15,652.2746176396257,655.9044152396084,649.7337703969009,655.178466796875,66913.0
2021-07-16,657.5378130823374,658.0823159541244,650.6412197968966,655.178466796875,75299.0
2021-07-19,653.3636709130079,654.8155680271736,645.0151240407434,650.2783203125,70238.0
2021-07-20,654.9970444286398,659.1713454012579,650.0968503125089,655.3600463867188,62997.0
2021-07-21,658.8083568171054,661.7122063817183,654.271109180624,660.26025390625,53822.0
2021-07-22,662.4381120378644,669.3347058442785,659.1713161056304,667.1568603515625,79780.0
2021-07-23,671.5125621945472,675.6868073185273,667.1568161116296,674.7793579101562,72542.0
2021-07-26,671.8755918916506,674.053437329996,664.6159963245289,664.9789428710938,51646.0
2021-07-27,664.0715460748254,667.3383975708275,660.4417480034831,665.5234985351562,66836.0
2021-07-28,664.6159623628429,671.3310546875,663.8899585341743,671.3310546875,50183.0
2021-07-29,672.783012675909,677.3202597120662,666.6123123976822,676.7757568359375,59874.0
2021-07-30,673.3275394519096,681.313084098603,670.4236899295694,674.9609375,94095.0
2021-08-02,678.5906945839224,680.9500964098826,671.5125998786814,677.86474609375,51637.0
2021-08-03,677.8647424315631,678.9536928540984,674.234944613991,677.1387939453125,52357.0
2021-08-04,678.9537280540325,690.2060686400846,678.4092251213757,689.66162109375,94724.0
2021-08-05,690.5690705951891,698.5546151305891,688.7541715923109,689.66162109375,56589.0
2021-08-06,686.5762368112797,689.1171395991937,681.4945420080907,681.8575439453125,70862.0
2021-08-09,681.6760171002367,689.4800599773891,680.0426192173811,687.6651611328125,55350.0
2021-08-10,688.2096439370323,694.5617897077042,687.846642024182,693.4728393554688,49460.0
2021-08-11,694.5618968425899,696.9212434810952,689.6616471948338,696.0137939453125,51857.0
2021-08-12,697.8286187941028,703.2733154296875,696.0137199155746,703.2733154296875,53827.0
2021-08-13,701.821473241603,703.8178178546958,698.1916752013285,699.8250732421875,61192.0
2021-08-16,698.5545404287792,700.5509401957194,692.9283430442447,696.921142578125,39352.0
2021-08-17,696.9211647526583,698.7360636192018,693.4728679834896,695.8322143554688,53882.0
2021-08-18,694.9248186412727,696.9212186260597,692.0209691530664,694.38037109375,49197.0
2021-08-19,683.8539097213485,698.736103429439,667.5198189918292,682.7650146484375,138401.0
2021-08-20,682.5835214371281,693.8358619469759,674.7794225458098,690.9320678710938,97785.0
2021-08-23,696.73974609375,697.6471956342176,688.7542012149001,696.73974609375,58899.0
2021-08-24,698.736093594508,700.0065450101171,686.576248512491,690.7505493164062,66218.0
2021-08-25,691.4765247968003,691.6580257755862,682.0390277631549,688.3911743164062,50181.0
2021-08-26,687.6652088059146,696.3767570956097,684.5799137880334,694.9248046875,67297.0
2021-08-27,695.4693627543311,702.1844562454462,694.5619131971811,698.1917114257812,82866.0
2021-08-30,698.1916364630708,700.5509829038149,695.4692880839109,698.736083984375,67799.0
2021-08-31,698.7361176328984,707.810612667092,694.38037109375,694.38037109375,142213.0
2021-09-01,698.3730616913659,699.0990655470376,689.4800683225669,695.8322143554688,61754.0
2021-09-02,696.3767586878456,701.0954517126083,694.3803587385808,699.6435546875,50451.0
2021-09-03,698.0101701750384,699.0991206580717,684.7613741730585,692.3839721679688,56936.0
2021-09-06,695.8322965532824,697.4656946488592,692.7470013474873,696.73974609375,34549.0
2021-09-07,694.9247428111848,698.0100929406665,692.020893639846,696.921142578125,50825.0
2021-09-08,691.4765200966283,692.3839695980674,685.6688211328889,689.66162109375,61433.0
2021-09-09,687.3022421823514,696.9211842901618,684.7613393889046,692.0209350585938,58103.0
2021-09-10,694.1988248685259,697.2841751335801,687.3022312465818,689.8430786132812,52502.0
2021-09-13,689.6615886204726,700.3694811560002,689.6615886204726,692.0209350585938,43348.0
2021-09-14,693.4729474517047,695.4693475109426,688.9356997654024,694.0173950195312,46985.0
2021-09-15,696.5582109791509,697.1027139085471,680.950123956917,682.2205200195312,83787.0
2021-09-16,683.3094684154371,687.4837139298475,680.2241179838667,686.2133178710938,66951.0
2021-09-17,690.0246579614408,692.0210026565566,676.0499127776809,676.5943603515625,208035.0
2021-09-20,670.4236765470646,673.871973554495,666.6123775867167,670.0607299804688,69139.0
2021-09-21,672.9644932233132,680.7685917628844,672.2385447370626,677.1387939453125,60605.0
2021-09-22,679.1351556524992,680.7685535013401,669.3346577868214,674.0534057617188,56838.0
2021-09-23,679.8611666905456,681.8575666390715,671.1496183841566,672.0570678710938,65603.0
2021-09-24,662.0750638228826,665.3419149131134,650.641223472865,655.9044189453125,99303.0
2021-09-27,655.5415493189391,658.263897853675,632.129307611152,632.4923095703125,152905.0
2021-09-28,630.1329490150192,631.4033450712515,613.7988581689812,620.876953125,117975.0
2021-09-29,626.1402363929,635.759180188752,624.3253371569785,627.2291870117188,105983.0
2021-09-30,630.8589252219718,634.8516699278022,623.7808299552655,625.2327270507812,108046.0
2021-10-01,619.6064194837684,628.4994122429116,615.2506735799343,619.9694213867188,89397.0
2021-10-04,618.154600451513,618.8805489624746,610.3505016462933,613.4358520507812,118817.0
2021-10-05,611.8024592313893,619.4250017404665,610.3505068108592,618.8805541992188,63354.0
2021-10-06,613.6173582173108,620.3324512334273,606.1762612977685,618.8805541992188,88366.0
2021-10-07,625.2326898836299,629.5884362975725,623.7807928744226,628.8624877929688,85482.0
2021-10-08,630.8588562111706,631.0403571748363,619.969463027041,623.78076171875,49173.0
2021-10-11,622.6918334960938,623.4177819902886,615.2507368113766,622.6918334960938,46698.0
2021-10-12,614.3433913594106,628.4995832450662,612.3469911226312,627.2291870117188,77952.0
2021-10-13,626.6845711204824,633.7627211746073,622.8733277206541,633.3997192382812,58140.0
2021-10-14,635.0331023245433,637.0295021549991,631.0403580499494,635.9405517578125,58505.0
2021-10-15,637.9369607561873,643.3816574340495,634.4886639374716,642.1112060546875,101260.0
2021-10-18,640.2963071620668,644.107605913834,637.029511309877,642.1112060546875,52965.0
2021-10-19,645.7410407352154,649.3708387278504,641.385294221318,647.1929931640625,75554.0
2021-10-20,647.0114164725362,657.3563616954873,645.7409651692561,649.7337646484375,85968.0
2021-10-21,646.1040437379131,652.2746892581457,643.2001942618267,645.1965942382812,84717.0
2021-10-22,647.3744930964546,654.0895861402015,645.3780931264621,649.1893920898438,65028.0
2021-10-25,650.8227149960611,651.1856615210587,644.652070207948,649.7337646484375,56771.0
2021-10-26,651.548746964786,656.993444014631,645.741047957089,648.6448974609375,67187.0
2021-10-27,648.1004313325918,653.1821262789173,647.9189303588685,650.4597778320312,55329.0
2021-10-28,647.7373962006377,656.2674430517358,646.467000222301,654.8154907226562,43910.0
2021-10-29,651.36724598586,653.9080935318565,644.470651877252,648.6448974609375,89134.0
2021-11-01,651.5487345326355,656.4489839385237,650.2782830907174,653.9080810546875,44601.0
2021-11-02,654.2710670974569,658.8083144420995,651.0042711638423,658.4453125,67145.0
2021-11-03,665.1604705224798,672.4200663808425,642.4742334650965,650.4597778320312,151830.0
2021-11-04,654.0895753541101,662.4381216632953,649.1893813845578,659.1713256835938,148181.0
2021-11-05,658.989759523765,662.4380561359768,649.552263692781,649.7337646484375,65289.0
2021-11-08,650.4597748221472,656.6304201959377,650.4597748221472,656.448974609375,49694.0
2021-11-09,655.9044541186457,659.5342519337864,654.2710561790964,656.2674560546875,46717.0
2021-11-10,656.4489597251118,658.9898071289062,649.3708096473936,658.9898071289062,54617.0
2021-11-11,659.7157810150958,669.3347234805947,656.4489849967849,667.33837890625,73199.0
2021-11-12,667.7013331719925,675.5054321289062,664.4345371160059,675.5054321289062,60498.0
2021-11-15,672.7830842338791,673.6905337376279,665.8864347735949,666.7938842773438,39912.0
2021-11-16,666.0679047519043,666.2494057214711,647.9189155216071,653.0006103515625,86471.0
2021-11-17,651.7302334641176,657.90087890625,649.9153344878246,657.90087890625,55348.0
2021-11-18,659.7158263043655,664.0715730899077,657.5379252184316,663.1641235351562,48361.0
2021-11-19,664.9789007328744,671.8755493164062,660.8046557008195,671.8755493164062,87861.0
2021-11-22,662.4380947936861,662.4380947936861,652.2746499332864,652.8191528320312,120790.0
2021-11-23,650.6413046396723,650.6413046396723,630.8589162174322,631.2218627929688,101142.0
2021-11-24,632.4922697837851,637.0295170562656,625.0511731796532,633.3997192382812,80622.0
2021-11-25,635.0331596642253,640.1149101811753,631.9478645443171,635.2146606445312,46958.0
2021-11-26,621.6029267122192,640.1149192389082,619.7880276561251,629.2255249023438,100655.0
2021-11-29,631.4033193611259,640.296312937924,631.4033193611259,633.3997192382812,95735.0
2021-11-30,631.0404210979395,645.7410590766048,627.4106230022053,638.6629638671875,209213.0
2021-12-01,643.9261603222192,647.0115108595289,635.2146670430158,645.3781127929688,81008.0
2021-12-02,638.662934353976,640.1148867569677,631.5848394716442,638.2999877929688,71433.0
2021-12-03,640.2962933542868,646.8299403040893,635.9405471831911,637.2109985351562,70041.0
2021-12-06,641.5668233076536,652.0932157929666,640.6593737697361,649.5523681640625,70068.0
2021-12-07,653.3636199552051,669.8792114257812,653.3636199552051,669.8792114257812,79706.0
2021-12-08,669.5162529227775,678.4092472496878,667.7013538607009,669.69775390625,66128.0
2021-12-09,670.7866386827524,675.1423849276023,665.8863895408473,670.9681396484375,47418.0
2021-12-10,667.3383483401913,670.060696692866,658.0823528638334,665.7048950195312,48847.0
2021-12-13,668.7902666287572,672.4200645480449,665.5234706559265,666.6123657226562,46421.0
2021-12-14,669.1532959102095,671.149640538312,651.0043055723826,652.0932006835938,70749.0
2021-12-15,655.3600129343447,661.8936601420032,653.1821120696852,659.7157592773438,59511.0
2021-12-16,663.7085571289062,669.5162004405053,662.2566047612668,663.7085571289062,66032.0
2021-12-17,665.3419894743944,666.6123855521427,650.4597954080912,650.6412963867188,206852.0
2021-12-20,642.4742913951349,657.900933985131,637.755542584459,654.45263671875,105771.0
2021-12-21,658.9898491469617,662.2566452478042,649.1894054581112,654.089599609375,54835.0
2021-12-22,658.0823401048441,658.8082885742188,649.7337942412406,658.8082885742188,40765.0
2021-12-23,660.2602121338736,669.1532612478038,656.2674676981712,665.1604614257812,50354.0
2021-12-27,662.4380681108371,674.7793579101562,660.2601673762201,674.7793579101562,44727.0
2021-12-28,675.1423931228289,679.8611413563276,673.6904961523613,679.1351928710938,31041.0
2021-12-29,679.8611688376631,685.4873667517058,676.4128718536759,683.490966796875,39788.0
2021-12-30,683.6724196116576,686.576213465416,676.2313232421875,676.2313232421875,52647.0
2022-01-03,675.1423977158635,681.4945439309321,673.1459978281493,677.86474609375,50014.0
2022-01-04,679.8611729461726,682.5835214320331,663.3455810546875,663.3455810546875,75420.0
2022-01-05,659.8972353205795,672.238525390625,659.8972353205795,672.238525390625,76467.0
2022-01-06,662.4380920022309,662.4380920022309,647.1929524690322,650.0968017578125,102012.0
2022-01-07,647.0114570217189,652.2746527477174,637.2110140515289,646.8299560546875,82981.0
2022-01-10,644.2891426921761,644.2891426921761,615.7952063397116,621.6029052734375,142596.0
2022-01-11,631.0403692524904,634.6701670500054,623.7807736574607,623.9622192382812,99301.0
2022-01-12,629.4068946662692,638.8443907754331,625.5956514167194,631.7662963867188,97011.0
2022-01-13,625.5957110989058,627.5920557014778,603.0909190587477,606.17626953125,179064.0
2022-01-14,603.4539127414547,608.5356077468541,589.1162218317792,591.2940673828125,119838.0
2022-01-17,594.0163722183648,599.6425697379013,588.2087291226477,591.4755249023438,84127.0
2022-01-18,585.3048706054688,588.9346682526344,578.9527247229288,585.3048706054688,112968.0
2022-01-19,578.9527101899411,594.0163478930216,578.9527101899411,587.845703125,90113.0
2022-01-20,580.7676518937582,592.0200473037274,573.3265552766055,587.6642456054688,119461.0
2022-01-21,580.7676640338875,586.5753628287546,576.5934186031722,582.4010620117188,124292.0
2022-01-24,579.8602145955892,582.0381154903826,557.1739777178276,561.5297241210938,158683.0
2022-01-25,567.1558527541719,568.9707514829852,556.2664603812917,560.0777587890625,138737.0
2022-01-26,559.8963390123048,569.6967824914957,552.2737410916442,562.981689453125,128952.0
2022-01-27,553.5441956490027,561.8927421360554,547.1920491415551,556.9924926757812,164950.0
2022-01-28,556.2665173662043,559.5333132581992,550.6403196532627,559.3518676757812,108883.0
2022-01-31,567.1559623936754,574.4155587123145,565.5225642992465,567.3374633789062,137797.0
2022-02-01,572.6005820271815,578.0452785282324,562.4371374812899,563.1630859375,158306.0
2022-02-02,568.6077974078912,574.4154959831008,567.8818489325696,569.3338012695312,102521.0
2022-02-03,567.1559118291436,568.4263632261687,557.35546875,557.35546875,126954.0
2022-02-04,557.5369689341437,562.618663742451,549.5513693977759,550.6403198242188,126008.0
2022-02-07,553.5441514814962,555.3590503388126,548.2809558725422,550.4588012695312,81529.0
2022-02-08,549.9143829721778,549.9143829721778,535.9396388741321,538.6619873046875,140465.0
2022-02-09,544.1066762632793,557.5369726346826,543.5622287396038,551.3662719726562,153022.0
2022-02-10,556.4480389012909,557.5369893676434,546.8290410658864,553.544189453125,118780.0
2022-02-11,549.0068866846383,551.3662329687567,544.6511406444035,544.8326416015625,74485.0
2022-02-14,539.206445903186,541.3842912368326,532.4912981718978,540.83984375,156097.0
2022-02-15,540.6583793785891,555.7220737073383,539.0249814212432,551.3662719726562,107252.0
2022-02-16,552.455292791324,556.992540687748,549.0069954673071,552.0923461914062,84622.0
2022-02-17,555.540560707164,558.9888575171816,549.5513611448316,551.184814453125,82719.0
2022-02-18,552.4552132650363,557.3554624423108,543.3807187784676,545.1956176757812,105727.0
2022-02-21,548.6439673416693,551.0033693671954,534.3062757493345,539.0250244140625,95477.0
2022-02-22,530.8579031254891,547.7364399421319,530.8579031254891,543.5621948242188,167916.0
2022-02-23,546.284584707476,555.3590794700586,544.4696857549594,547.37353515625,91084.0
2022-02-24,528.135511044651,541.9287519636293,524.6872146614844,537.0285034179688,202828.0
2022-02-25,539.932444539455,550.8218383789062,536.8470941304154,550.8218383789062,126183.0
2022-02-28,542.654762071493,551.5477554562706,542.654762071493,545.7401123046875,167912.0
2022-03-01,546.1030946004366,556.9924885321954,535.2137006686778,549.5513916015625,162019.0
2022-03-02,543.3808087193869,552.6368057050123,543.3808087193869,552.2738037109375,183398.0
2022-03-03,550.2773491831889,554.4515943511091,546.647551511496,547.010498046875,94670.0
2022-03-04,541.7473145687154,549.0069100738237,526.6836760501427,527.5911254882812,144052.0
2022-03-07,519.6055261236074,533.5802696254684,512.1644850399259,527.5911254882812,186652.0
2022-03-08,526.3206617687945,535.5766568978539,508.7161209275184,509.986572265625,183208.0
2022-03-09,510.89403564395684,511.07553660954875,485.4854512780052,500.7305908203125,336092.0
2022-03-10,502.908455494365,513.979348964065,497.28225828324065,502.36395263671875,203263.0
2022-03-11,503.63441358971284,518.1536038913982,492.92652181948296,510.1680603027344,167189.0
2022-03-14,513.6163921333135,520.8759877818409,507.44574690932905,517.6091918945312,117363.0
2022-03-15,514.8868734798267,515.9757685813967,506.7198279001163,510.8940734863281,155066.0
2022-03-16,518.6981056984953,530.3135034654227,516.5202601569374,527.9541015625,130523.0
2022-03-17,529.0430387891982,535.2136840820312,527.0466388863147,535.2136840820312,129053.0
2022-03-18,534.850758713958,536.1211547851562,527.4096617191718,536.1211547851562,227936.0
2022-03-21,536.3026298904392,539.5694257860055,530.3134856197946,536.484130859375,100664.0
2022-03-22,533.9432574876319,535.0321524756548,524.868763345329,528.1355590820312,108714.0
2022-03-23,529.0430504284211,532.8543493475368,519.6055536178797,523.2353515625,110876.0
2022-03-24,522.3278781187557,526.1391768630588,515.2497835286608,519.6055297851562,82193.0
2022-03-25,520.5129860069655,520.5129860069655,505.81234912317547,508.89764404296875,122159.0
2022-03-28,510.16811823820603,517.9721617570748,509.44216971794503,514.5238647460938,95429.0
2022-03-29,517.0646814649382,533.5802724022722,517.0646814649382,530.3134765625,131400.0
2022-03-30,529.9505129665924,529.9505129665924,521.0575188605135,524.6873168945312,102400.0
2022-03-31,525.9577078113109,527.2281592652741,518.1536642693142,519.2426147460938,117108.0
2022-04-01,520.331564174108,522.8724116905912,516.1572632525869,521.239013671875,73793.0
2022-04-04,523.7798286022447,525.0502245882898,517.2461815475384,523.5983276367188,85215.0
2022-04-05,523.5983812573929,524.1428288234083,513.2534344125093,515.4313354492188,110461.0
2022-04-06,517.0647074697989,518.5166598831911,499.2787196497356,502.0010681152344,110075.0
2022-04-07,503.63451435362845,508.7162098214047,500.1862170443284,502.1826171875,93253.0
2022-04-08,507.4457961616399,508.35324570578223,503.27149502679055,507.0827941894531,119670.0
2022-04-11,508.171657329122,508.8976057623292,500.00461283633257,500.36761474609375,106030.0
2022-04-12,499.09726309178086,503.0900633510456,496.01191240177394,499.8232116699219,83025.0
2022-04-13,497.46386952885706,500.36771925450824,492.56361965517533,500.18621826171875,92073.0
2022-04-14,502.1825549314021,516.1572434284932,500.5491015891002,511.2570495605469,123737.0
2022-04-19,510.60737216845155,510.60737216845155,503.18305576220155,506.7095947265625,100102.0
2022-04-20,507.82330674927476,512.0922664731515,505.78160819492484,507.2664489746094,94145.0
2022-04-21,509.12251287781464,519.5165679504852,507.82329139563285,514.5051879882812,124118.0
2022-04-22,511.5354720105928,519.7022096914203,509.1225349083409,517.8461303710938,117093.0
2022-04-25,510.79304077294074,517.1036989995406,505.7816040571748,514.319580078125,114477.0
2022-04-26,518.4028937775818,518.4028937775818,502.626220703125,502.626220703125,112485.0
2022-04-27,501.8837968029747,510.0505338315372,497.4292181185807,505.0391540527344,140628.0
2022-04-28,509.4936908203085,514.3195075993085,507.63761180092666,511.72100830078125,85392.0
2022-04-29,515.989990234375,526.1984252929688,515.0619506835938,519.7021484375,107221.0
2022-05-02,516.9180912617965,518.4029320624218,492.97467933267785,513.2059326171875,120561.0
2022-05-03,514.3195500214792,518.4028902150999,500.02771773620395,502.2550354003906,123951.0
2022-05-04,504.853538942302,505.96719778328304,486.2927470694232,490.56170654296875,224623.0
2022-05-05,500.7701303746323,510.9785656662378,494.4594726138842,496.3155517578125,135456.0
2022-05-06,496.50115966796875,496.6867789067328,474.22821044921875,477.94036865234375,143572.0
2022-05-09,473.30019054190325,474.2282301312011,461.32848550426513,462.3493347167969,134892.0
2022-05-10,468.6600108211625,491.3042003378578,467.731971195774,477.38360595703125,207338.0
2022-05-11,480.3532854476942,480.53890470060924,468.1031794363861,474.5994567871094,133472.0
2022-05-12,468.10315484950576,479.79645913092713,460.3076281023982,477.7547607421875,110846.0
2022-05-13,479.79648523292855,493.7170795820464,478.86844560965403,491.30419921875,114332.0
2022-05-16,493.902679736209,493.902679736209,485.9215052988522,486.4783630371094,89632.0
2022-05-17,490.00492108894827,496.3155791986064,484.99348446604847,491.30419921875,69723.0
2022-05-18,494.6450885862627,499.0996671736286,484.8078918457031,484.8078918457031,108153.0
2022-05-19,473.85703072734213,477.5691608473644,463.2773848332472,475.1562805175781,154079.0
2022-05-20,476.45556640625,489.2625019100072,475.71308939138817,476.45556640625,89239.0
2022-05-23,484.99346936909654,487.4064063003261,477.7547718614913,482.2093505859375,62858.0
2022-05-24,478.4972231074576,484.43669955229,476.6411437988281,476.6411437988281,58707.0
2022-05-25,480.353279380153,486.2927555401505,475.3418994730076,479.7964782714844,84999.0
2022-05-27,486.6639820302319,493.9026794794832,484.80790285642183,492.9746398925781,119875.0
2022-05-30,496.31558219729027,500.7701610873134,494.83074144829715,497.2436218261719,84058.0
2022-05-31,494.08832186460785,494.27388447624617,486.4783855669897,487.9632263183594,203183.0
2022-06-01,491.6753816715231,492.04662017849523,482.9518431881132,483.8798828125,64246.0
2022-06-02,484.2510639536703,493.1602783203125,482.76622321408496,493.1602783203125,76536.0
2022-06-03,494.83074215974005,495.57316253530405,487.7776069842727,488.8912658691406,63180.0
2022-06-07,490.747314453125,492.7890128405829,485.17907701989805,490.747314453125,83429.0
2022-06-08,492.9746515228813,494.45949223974344,484.43667579331776,488.1488342285156,59779.0
2022-06-09,486.2927475911433,487.0351679382467,479.42523193359375,479.42523193359375,80555.0
2022-06-10,477.1979852251885,478.1260248477023,466.06150975502334,468.1031799316406,121975.0
2022-06-13,464.019800745934,466.4327093741171,449.2639767465175,454.83221435546875,177420.0
2022-06-14,456.4099033411387,458.26598270132473,438.03472900390625,438.03472900390625,147399.0
2022-06-15,443.32452388569567,448.42874163546327,440.2619762429227,444.2525634765625,91264.0
2022-06-16,440.81880644872194,441.65403641768904,421.3299750057258,426.61981201171875,144431.0
2022-06-17,426.8982424575319,442.5821070052541,426.8982424575319,432.1880798339844,279862.0
2022-06-20,428.38308180653297,429.96073212177,419.00987625263497,421.5155944824219,113462.0
2022-06-21,423.92846113753535,430.0535279189071,422.25800125239755,423.5572509765625,90044.0
2022-06-22,420.4019221137219,425.50613971112915,413.0704152290228,424.48529052734375,101199.0
2022-06-23,420.12352159800093,423.46444136837465,417.246593287717,422.62921142578125,81683.0
2022-06-24,424.6709333782063,443.97414603659325,424.57812375242605,442.6748962402344,139042.0
2022-06-27,443.60294749057,448.7999751338435,436.64265019730794,439.7051696777344,127778.0
2022-06-28,439.7051529071039,442.6748909675703,435.064954888576,435.8074035644531,80735.0
2022-06-29,431.5384214676638,434.87936974978226,424.8565249034269,433.8585205078125,117113.0
2022-06-30,427.733434671235,428.1046448371202,414.1840512050241,425.7845458984375,170198.0
2022-07-01,422.44366422533466,428.4759220105471,418.4530766975881,425.227783203125,83893.0
2022-07-04,434.5081707970197,440.63320976408966,433.48732152866734,435.0649719238281,107512.0
2022-07-05,438.0347046637404,441.00444280362876,424.0213006087105,431.9096374511719,128258.0
2022-07-06,439.89077176210003,445.9230291807786,437.8490733071696,442.7677001953125,131268.0
2022-07-07,444.90221009813837,446.94390869140625,439.05557153249765,446.94390869140625,140561.0
2022-07-08,444.90218558718715,447.222284623751,437.29227774017045,443.6029357910156,140172.0
2022-07-11,437.10667778908584,441.3756658691649,435.0649792181498,440.076416015625,78971.0
2022-07-12,437.75629208159694,441.83966067065955,431.26001486033147,441.3756408691406,85856.0
2022-07-13,438.6843262329604,443.4173054924187,431.44560042630997,437.2922668457031,84949.0
2022-07-14,436.27140993204284,437.75627891655193,429.3111131185818,431.8168029785156,69797.0
2022-07-15,437.75630891772016,442.210887855017,436.54984039445736,441.5612487792969,98173.0
2022-07-18,442.67492056463345,448.42877782091716,442.1180911008765,446.94390869140625,76976.0
2022-07-19,443.78857355216746,451.9553111728836,440.44762513586625,449.8208312988281,116153.0
2022-07-20,451.5840701614447,459.3795970531948,448.70714176812055,453.9969787597656,98639.0
2022-07-21,455.1106309343369,466.4327257998613,454.73942074497194,465.6902770996094,114197.0
2022-07-22,464.019812056497,465.875891304723,457.33791543427475,457.8947448730469,112915.0
2022-07-25,457.430694620587,458.8227539641199,452.0480764875347,454.18255615234375,83836.0
2022-07-26,453.9969595707953,453.9969595707953,444.53094482421875,444.53094482421875,79522.0
2022-07-27,445.0878165327834,447.2222963738941,438.96274925102284,440.169189453125,82594.0
2022-07-28,442.95330767164967,452.2337040471003,442.2108872902225,447.593505859375,93704.0
2022-07-29,450.8416079564953,466.98951899485735,450.65601703698024,462.9989318847656,137283.0
2022-08-02,461.14286651080283,461.14286651080283,449.26397108988124,456.31707763671875,112209.0
2022-08-03,454.27540121460333,462.442138671875,452.5121315728653,462.442138671875,80393.0
2022-08-04,462.720561520718,470.1448785019681,462.53494226757806,467.1751403808594,93473.0
2022-08-05,468.288774707292,475.71306297781285,452.32648270579574,452.69769287109375,98816.0
2022-08-08,457.0594976156468,468.1031630612436,456.31707727300125,465.1334533691406,89566.0
2022-08-09,465.87589183450865,467.54635183120297,449.6351983940626,451.3984680175781,112237.0
2022-08-10,449.1711611085748,465.1334533691406,443.9741337454937,465.1334533691406,99423.0
2022-08-11,468.6600089436117,475.71308741109027,463.2773904665313,473.6714172363281,140623.0
2022-08-12,472.00094619238985,477.3835928649385,469.03120814398227,469.2168273925781,108355.0
2022-08-15,469.9592475970894,475.1562750194185,467.9175774707779,472.0009460449219,49139.0
2022-08-16,472.55779313450114,472.55779313450114,459.47242862600376,464.7622375488281,87082.0
2022-08-17,465.69027764877194,468.28880562043497,459.4724290853909,459.65802001953125,92679.0
2022-08-18,442.58208589617664,460.122028922359,433.301689763644,453.34735107421875,241448.0
2022-08-19,451.4912529658714,460.5860294667917,443.8813171268416,444.3453369140625,143618.0
2022-08-22,442.2108880319176,446.2014471514457,437.3850705799803,439.7051696777344,113970.0
2022-08-23,436.17863109069094,441.83967856276814,432.2808532714844,432.2808532714844,120866.0
2022-08-24,430.70321152847487,430.70321152847487,422.53644553404274,425.227783203125,130649.0
2022-08-25,427.26943392727276,430.23917202975855,420.8659662354044,428.7543029785156,140079.0
2022-08-26,430.5175672214201,433.0232854842632,423.18606000407476,423.27886962890625,115143.0
2022-08-29,419.4739130631071,422.8148613978256,415.019334164497,420.30914306640625,84987.0
2022-08-30,422.1652163634305,431.53842216508394,419.75230769347195,424.1141052246094,117915.0
2022-08-31,425.69178991720884,427.2694402964357,417.98904398972974,420.30914306640625,158643.0
2022-09-01,415.01932380749747,415.6689345398424,406.57415771484375,406.57415771484375,113256.0
2022-09-02,411.30715128667214,421.88679678554934,409.6366630574682,421.6083679199219,105299.0
2022-09-05,410.19347578868735,413.6272334078338,405.92448824965965,410.75030517578125,94579.0
2022-09-06,409.729497615694,419.56672338130386,409.729497615694,412.4208068847656,81613.0
2022-09-07,411.028741513245,419.1955071518171,407.5950119165058,416.22576904296875,126067.0
2022-09-08,417.61781707470675,418.7314759155143,408.52304038702147,416.8753967285156,92598.0
2022-09-09,416.5041580437439,422.90765389318256,416.04013824720613,421.05157470703125,99839.0
2022-09-12,424.2069144876785,431.81682235224025,422.2580256281673,429.21832275390625,100057.0
2022-09-13,429.40394309991586,432.1880619573049,413.9984797580587,414.36968994140625,115966.0
2022-09-14,412.14237591732564,415.11208552835353,404.90365032731046,405.92449951171875,95509.0
2022-09-15,406.5741750253571,410.7503534369634,402.49080624275757,403.5116271972656,88302.0
2022-09-16,401.005895556882,403.6043949704617,398.3145865239203,399.0570068359375,221669.0
2022-09-19,398.778636689586,403.2332155442044,395.43768838786133,400.4490966796875,75637.0
2022-09-20,403.6044264209227,404.16125585908577,390.14785188600484,391.6327209472656,141511.0
2022-09-21,388.5702064390319,399.4282531738281,386.43569828597066,399.4282531738281,130590.0
2022-09-22,388.84859665436653,397.7577825761456,387.54934686445574,388.4773864746094,127213.0
2022-09-23,385.13641926733123,390.14782725132505,379.75380112184155,383.1875305175781,124251.0
2022-09-26,381.42427432031667,389.405420517844,380.49623472343023,386.2500915527344,149516.0
2022-09-27,389.49823598087136,392.09673556249953,383.65156943992605,384.30120849609375,130861.0
2022-09-28,381.42427957079894,392.3751356361939,377.248101327323,391.72552490234375,173580.0
2022-09-29,391.0759235384737,391.0759235384737,380.03225678343097,381.8883361816406,158202.0
2022-09-30,385.043633572949,397.10814866112514,385.043633572949,396.7369384765625,136778.0
2022-10-03,391.81834520227625,399.0570430262364,385.4148490639399,398.9642333984375,106715.0
2022-10-04,399.3354018904456,413.6272334334927,399.3354018904456,412.60638427734375,152736.0
2022-10-05,409.26546694090644,414.27687515751126,404.6252689030277,406.1101379394531,123615.0
2022-10-06,411.49277363058013,412.3280036482003,404.3468853448048,405.3677062988281,90347.0
2022-10-07,402.6763809073557,405.64611898643506,390.1478461788067,392.653564453125,116560.0
2022-10-10,389.8694509719444,400.727497559368,388.57020116509733,396.2729187011719,105736.0
2022-10-11,394.60243971370994,397.47933974697776,389.2197931708599,392.3751220703125,105133.0
2022-10-12,391.5399304815321,395.6232993586868,388.9414307383036,391.818359375,83313.0
2022-10-13,389.12702705812825,394.32405493794863,378.82580925244986,393.5816345214844,114295.0
2022-10-14,397.66498908428724,407.87342521013824,397.2937788894699,400.26348876953125,135716.0
2022-10-17,396.3657329720296,410.193517841289,392.8391653732411,407.7806091308594,116975.0
2022-10-18,413.2560196778487,419.1954957337658,410.8431393918433,416.411376953125,117767.0
2022-10-19,417.2465993694991,417.2465993694991,404.9036560058594,404.9036560058594,94770.0
2022-10-20,400.7275156234827,408.1518329361662,399.8922855901104,407.1310119628906,82868.0
2022-10-21,402.76919026432176,402.76919026432176,389.9622549900555,396.8297424316406,185550.0
2022-10-24,401.0059143500687,412.2351991050874,401.0059143500687,409.4510803222656,108170.0
2022-10-25,415.5761297118351,419.93792724609375,409.3582812626512,419.93792724609375,87671.0
2022-10-26,420.773137855187,426.5269945517281,418.73146778205836,425.7845458984375,113371.0
2022-10-27,423.4644470838941,423.4644470838941,415.5761106900605,421.14434814453125,93148.0
2022-10-28,416.59697919218013,420.4019472933559,409.91511093009933,416.6897888183594,81130.0
2022-10-31,416.96817026777717,416.96817026777717,412.51359163052143,413.2560119628906,103116.0
2022-11-01,415.7617245120531,421.4227715145792,407.7805786004195,408.7086181640625,97922.0
2022-11-02,409.7294807637469,415.112099080506,406.85255235795324,411.77117919921875,131454.0
2022-11-03,380.4962463007194,390.89030143071363,377.34091723960313,380.96026611328125,322658.0
2022-11-04,378.5473457710776,392.93195951770275,378.268945220719,389.0342102050781,196296.0
2022-11-07,385.97167376130466,392.83916131111306,384.67242395266874,389.3126220703125,165717.0
2022-11-08,391.26149882037714,407.2237628575511,387.54934044128726,404.8108825683594,176217.0
2022-11-09,403.69720458984375,411.3999215327203,402.58354580029845,409.7294616699219,122687.0
2022-11-10,407.8733825683594,443.1388854980469,404.06841474585235,443.1388854980469,218504.0
2022-11-11,444.4381705382447,455.1106262207031,442.58209128912154,455.1106262207031,178576.0
2022-11-14,455.57464092756356,456.50268054172506,444.5309751833463,446.85107421875,142888.0
2022-11-15,449.35676752006236,450.1919974620622,441.19000237662425,446.2942199707031,96054.0
2022-11-16,447.12948193769154,448.3359504483427,426.9910389806696,429.1255187988281,130660.0
2022-11-17,431.07439656591885,436.92103474939927,422.35082994234443,424.6709289550781,98095.0
2022-11-18,429.0326977012154,432.930475367538,421.1443610653653,431.6312255859375,115089.0
2022-11-21,430.42473806729544,430.42473806729544,422.0723819988109,424.48529052734375,87338.0
2022-11-22,425.5061531929215,427.4550420016207,419.84510601394595,426.1557922363281,71060.0
2022-11-23,427.91905376796615,432.28082277827934,421.4227767418858,431.352783203125,106766.0
2022-11-24,432.930480891753,440.0763972640197,430.6103818516043,433.8585205078125,63944.0
2022-11-25,435.4362050324795,435.4362050324795,430.146367821279,431.9096374511719,47443.0
2022-11-28,428.4758971935398,430.14635715485315,421.42279052734375,421.42279052734375,95261.0
2022-11-29,419.8451433249615,423.4644923933229,413.2560559678545,413.53448486328125,104961.0
2022-11-30,418.0818290493747,422.2580071419877,413.81284133484394,414.6480712890625,171553.0
2022-12-01,425.78457062597056,430.7960072817816,422.07241210849384,427.2694396972656,97950.0
2022-12-02,428.3831039077723,436.0858215987058,424.1141158952877,430.8887939453125,119497.0
2022-12-05,430.05354159566815,430.6103710155959,424.1140938666537,424.76373291015625,55798.0
2022-12-06,424.6709406591668,426.9910397358433,417.71064342913735,420.30914306640625,87906.0
2022-12-07,417.61782826775334,421.97962580271405,412.513610366703,419.0098876953125,90409.0
2022-12-08,417.52502473863643,419.9379334459452,410.28632693823226,413.8128662109375,85363.0
2022-12-09,416.13294784994065,424.3924945635954,415.9473569242473,421.5155944824219,95625.0
2022-12-12,419.7523136236995,421.05159176385587,415.019334164497,420.30914306640625,89528.0
2022-12-13,421.2371762885997,438.77711937712616,418.08184725662755,430.6103820800781,139048.0
2022-12-14,428.5686646372969,428.5686646372969,423.742875837609,425.3205261230469,83401.0
2022-12-15,421.42278535717617,421.79399553052264,409.26546100981403,410.8431396484375,137233.0
2022-12-16,410.56471106303616,412.3279806287997,400.82029531792523,404.8108825683594,322868.0
2022-12-19,408.70866886897426,409.8223278121157,401.469970703125,401.469970703125,60160.0
2022-12-20,397.75779337022055,400.44910264839666,395.53050390971345,397.108154296875,86022.0
2022-12-21,399.52106785396444,406.01734538004513,397.8506078187241,405.3677062988281,70062.0
2022-12-22,404.9036446772516,408.15178310498595,399.3354073725641,400.9130859375,72775.0
2022-12-23,402.76919545152845,406.2029533773045,401.2843263938544,404.1612548828125,57746.0
2022-12-27,407.5949877193468,409.54384814596636,403.790019843745,405.92449951171875,33235.0
2022-12-28,407.40938203893114,410.0078815752636,405.36768360215507,406.20294189453125,45854.0
2022-12-29,404.25406416272585,409.9151115094002,402.7691951063245,408.80145263671875,42053.0
2022-12-30,405.46050468770665,410.84315148158475,404.1612548828125,404.1612548828125,70963.0
2023-01-03,411.5855351778109,418.824232246919,408.9870357995462,416.7825622558594,91041.0
2023-01-04,420.4947668285429,432.55928215658327,420.4947668285429,432.2808532714844,108375.0
2023-01-05,432.18806606239673,435.25058550600505,428.8471177374919,435.15777587890625,106947.0
2023-01-06,434.04412805568484,443.9741346868471,432.00242962679954,442.396484375,96870.0
2023-01-09,450.74886201314644,463.09177782908023,450.37762350195754,461.51409912109375,141163.0
2023-01-10,456.96671069960547,461.2356986857498,452.69772271346113,460.1220397949219,90523.0
2023-01-11,459.47241729437735,470.8872931866331,455.5746395976688,466.8039245605469,106369.0
2023-01-12,469.5880433339922,473.30020177932016,463.2773853055431,467.7319641113281,108766.0
2023-01-13,469.4024130167675,469.77365150976533,457.7091368468751,460.4932556152344,106040.0
2023-01-16,454.73942886955456,461.42132568359375,452.512139372049,461.42132568359375,127060.0
2023-01-17,458.26593800123266,462.44211615429924,452.97612933359403,459.1011962890625,118511.0
2023-01-18,458.7299329844946,464.5765990754691,456.59545337253957,460.86444091796875,117362.0
2023-01-19,445.9230229788571,470.7016913595683,444.5309635939075,454.46099853515625,238000.0
2023-01-20,444.9021849293098,454.73941049409865,444.15976456731573,453.34735107421875,151548.0
2023-01-23,456.4098698832506,463.3701669737121,455.66744952220995,462.1637268066406,104224.0
2023-01-24,464.94785647258624,468.84563426264185,462.8133766437361,468.4743957519531,101330.0
2023-01-25,469.03118896484375,470.14484776783826,463.277360673425,469.03118896484375,90241.0
2023-01-26,470.51608264376,474.5994512666994,468.6600034222856,472.3721618652344,94253.0
2023-01-27,479.7964667517948,486.8495449597885,477.7547683306258,484.6222839355469,126670.0
2023-01-30,484.436653362156,486.84953357609254,481.28129618112524,484.8078918457031,84344.0
2023-01-31,484.80793765325956,485.5503580474622,476.4555807716279,480.3533020019531,105611.0
2023-02-01,470.88727356786706,482.58057784928843,469.21681366545835,477.7547607421875,108299.0
2023-02-02,482.95183418515893,502.9974670410156,482.95183418515893,502.9974670410156,161407.0
2023-02-03,499.6565583814287,502.8118591308594,490.19054284704924,502.8118591308594,126001.0
2023-02-06,499.2853211374455,500.95578114349735,487.22080594267453,487.9632263183594,111781.0
2023-02-07,489.8192944303976,491.1185725405563,482.9518353078172,484.4366760253906,92553.0
2023-02-08,490.00489452257256,491.4897351820915,473.6713923741828,474.0426025390625,108892.0
2023-02-09,478.1259878911078,483.3229867182672,475.71305107325315,477.94036865234375,92142.0
2023-02-10,474.78505119034213,477.9403800741001,468.2887741796262,474.0426025390625,100188.0
2023-02-13,475.1562803988327,479.0540580900879,473.48582042916405,477.0123596191406,89798.0
2023-02-14,480.1677359572054,484.0654571597002,476.45557736965236,479.98211669921875,78108.0
2023-02-15,480.35326792022045,487.220783526187,478.4971887448826,482.7662048339844,71857.0
2023-02-16,486.47835533896045,489.6336559003228,476.2699200392392,479.61083984375,104996.0
2023-02-17,477.197997758554,483.13741751281196,471.44414061923777,479.98211669921875,103837.0
2023-02-20,482.39496656543673,483.69424464599234,476.08430869496937,477.1979675292969,40905.0
2023-02-21,478.86841964705957,478.86841964705957,471.62972230658414,474.0426025390625,74987.0
2023-02-22,471.6297222626257,478.4971811160611,467.91756397113403,475.898681640625,89640.0
2023-02-23,477.94038787116807,481.2813077311093,475.15626910687,477.1979675292969,62662.0
2023-02-24,480.1677285354948,482.2093704126565,469.77367332239294,474.9706726074219,85339.0
2023-02-27,478.4971810718091,480.9101179468797,475.5274997533227,477.7547607421875,72241.0
2023-02-28,475.8987010574272,476.26993955893914,470.51608264376,472.3721618652344,105308.0
2023-03-01,473.300207482022,475.7130878433405,466.61831087131424,468.1031799316406,69024.0
2023-03-02,464.2054300882018,473.6714172363281,463.370171771481,473.6714172363281,69672.0
2023-03-03,477.19799795039495,481.0957757975016,476.08433904507234,478.12603759765625,60835.0
2023-03-06,478.1260244132596,478.6828255290446,472.7433776146576,473.6714172363281,72286.0
2023-03-07,470.70173278591125,476.26997081576894,465.8759151647587,468.6600341796875,142684.0
2023-03-08,456.2242676497904,471.0729010748672,447.68629210176294,465.1334533691406,191260.0
2023-03-09,462.2565303930487,469.40241831965295,457.5235227690645,469.2168273925781,110928.0
2023-03-10,461.0500374995172,464.019775390625,453.44013017602265,457.0594787597656,110540.0
2023-03-13,458.1731737899192,460.67886378231213,448.70715829459925,457.43072509765625,127234.0
2023-03-14,450.0992063772222,463.6485902128819,448.4287464244306,461.3284912109375,110230.0
2023-03-15,461.79249189226454,462.44210259300127,447.22225943467953,454.18255615234375,142281.0
2023-03-16,459.8436572990795,470.5161135229734,455.2962685723337,468.6600341796875,119757.0
2023-03-17,473.11456322651554,477.1979600070007,460.5860289846674,463.3701477050781,375126.0
2023-03-20,461.79252182715567,472.0009576748071,458.26595426869034,468.1031799316406,88996.0
2023-03-21,472.74335291290345,474.7850513025046,467.73194488204274,469.40240478515625,76310.0
2023-03-22,469.9592422781388,469.9592422781388,462.3493346400717,464.2054138183594,92139.0
2023-03-23,462.0709282735467,465.5046862492133,457.6163493573239,464.7622375488281,65148.0
2023-03-24,462.62773561821734,462.8133548648269,452.9761295464544,453.9969787597656,79769.0
2023-03-27,460.21483848469984,460.5860486656458,453.71856119282035,454.275390625,78969.0
2023-03-28,457.8947200681955,458.5443590984914,455.01779172498846,455.9458312988281,79355.0
2023-03-29,460.1220338338668,464.2054308329859,457.0595144060491,463.927001953125,67001.0
2023-03-30,466.43272538635597,472.186554120217,466.43272538635597,470.3304748535156,64656.0
2023-03-31,470.51610173788373,474.59947052653126,467.9176020509778,472.55780029296875,102619.0
2023-04-03,472.743377756715,473.85703663166294,467.17514002501866,471.8153381347656,85140.0
2023-04-04,474.2282298969847,475.7130705819114,466.98953243264486,467.9175720214844,81595.0
2023-04-05,466.80390584555755,466.80390584555755,448.0574951171875,448.0574951171875,123113.0
2023-04-06,449.72800835750127,450.56323835647356,442.489282282857,447.2222900390625,78741.0
2023-04-11,454.18259238559233,457.1523305506533,451.8624932946141,453.6257629394531,76067.0
2023-04-12,456.6883109926184,458.9156004569219,448.7999740787987,450.8416442871094,126663.0
2023-04-13,449.35675618630813,454.18254479699027,448.3359070289364,452.0480651855469,56737.0
2023-04-14,456.1314752880983,458.35876472184367,453.8113762276298,457.43072509765625,53672.0
2023-04-17,459.37958892428117,463.37014776208605,456.8738707469952,461.050048828125,64457.0
2023-04-18,462.9989675775584,471.44413390833097,461.1428883102028,468.4743957519531,120953.0
2023-04-19,465.69027701638305,468.660015173816,461.4213173571659,466.6183166503906,66828.0
2023-04-20,463.5557747010377,468.10316302278983,463.5557747010377,466.0614929199219,120090.0
2023-04-21,468.53652408189987,470.6307373046875,463.3961165114547,470.6307373046875,95832.0
2023-04-24,471.96341040774206,477.29418500232117,471.96341040774206,473.200927734375,59540.0
2023-04-25,474.6288106997751,474.6288106997751,464.82398642966507,465.7759094238281,147110.0
2023-04-26,466.8230538969868,466.8230538969868,455.8759389160911,461.4922790527344,126489.0
2023-04-27,461.39707394475346,472.3441880704661,457.6845511313789,472.05859375,115934.0
2023-04-28,477.1038246916736,484.7192087790083,472.8201711425478,482.4345703125,154678.0
2023-05-02,499.7595854620221,502.9961469700842,468.2509276923394,475.3903503417969,181875.0
2023-05-03,478.0557384038028,484.33840691334024,476.91341919276823,479.1980285644531,94794.0
2023-05-04,476.9134390630015,485.671142578125,474.4384333695635,485.671142578125,97931.0
2023-05-05,483.76727399974476,491.0018654664129,482.2441914092521,488.71728515625,75395.0
2023-05-08,486.242238760215,489.0980076543832,483.95762945495716,487.9556884765625,66694.0
2023-05-09,487.38456773594095,488.90762126980854,483.3864795835784,486.24224853515625,96132.0
2023-05-10,479.5787973686731,484.9095719964107,472.9153363465973,477.10382080078125,98610.0
2023-05-11,476.72304601303387,482.2442170660139,476.72304601303387,478.62689208984375,133298.0
2023-05-12,471.2018836472563,479.57879440305373,471.2018836472563,476.9134216308594,67164.0
2023-05-15,480.14997476136875,481.4826612050585,477.29420564615396,478.62689208984375,53993.0
2023-05-16,478.43650919929934,478.43650919929934,470.3451636385982,472.3442077636719,75770.0
2023-05-17,469.29805088102535,471.7730565537609,465.9663202966773,470.6307373046875,96494.0
2023-05-19,475.39034584179234,483.9576529400439,475.39034584179234,482.4345703125,87636.0
2023-05-22,479.00764897704045,480.9114949124812,474.24803413843864,475.7710876464844,119741.0
2023-05-23,475.67591380225326,475.67591380225326,467.96533203125,467.96533203125,60204.0
2023-05-24,464.53844238254175,464.53844238254175,458.44614075153635,462.5393981933594,100412.0
2023-05-25,464.9192013438718,465.4903609710914,458.54133448267913,462.15863037109375,52802.0
2023-05-26,463.39609512441154,468.0605409675296,461.58744727217385,467.67974853515625,75673.0
2023-05-30,467.58459870796077,469.67881192022395,463.87207569232197,465.4903564453125,54007.0
2023-05-31,462.1586086615897,466.44226208893707,458.3509167261698,459.2076416015625,396661.0
2023-06-01,462.06341603340496,466.251871401967,459.9692028743161,464.5384216308594,61059.0
2023-06-02,468.9172903051639,474.53363037109375,468.9172903051639,474.53363037109375,83193.0
2023-06-05,475.29514984254484,477.29419398442974,470.2499694824219,470.2499694824219,50878.0
2023-06-06,469.2980420118838,478.24611245923427,469.2980420118838,477.294189453125,58019.0
2023-06-07,474.1528669692382,478.8172840053363,470.63074013870676,474.53363037109375,66793.0
2023-06-08,473.48649006010066,476.7230224204271,471.6778421867169,473.0105285644531,50000.0
2023-06-09,472.43938541873774,473.7721008932882,463.20574951171875,463.20574951171875,57014.0
2023-06-12,465.9663247939442,468.7268957803991,464.7288364708254,467.29901123046875,80521.0
2023-06-13,469.48843088636505,474.7240073380361,468.631676953966,469.29803466796875,109045.0
2023-06-14,468.8220830209817,471.106692437809,465.8711158761534,467.5845947265625,77788.0
2023-06-15,466.4422646571026,468.2509125263084,458.44611735877197,464.3480224609375,76421.0
2023-06-16,463.68168447565796,466.06149190054805,459.58839827461685,464.823974609375,238852.0
2023-06-19,461.77783195563603,461.77783195563603,447.8797509822422,449.59320068359375,91016.0
2023-06-20,445.49997158295696,445.49997158295696,437.0278625488281,437.0278625488281,151427.0
2023-06-21,437.02785515440604,437.1230532644926,429.0317077636719,429.0317077636719,103627.0
2023-06-22,428.3653495586024,430.2691955566406,426.17593828101224,430.2691955566406,106183.0
2023-06-23,426.0807270907008,432.8393859863281,424.36724831483815,432.8393859863281,96466.0
2023-06-26,432.64900306454325,433.981689453125,428.3653495688547,433.981689453125,81934.0
2023-06-27,434.83840598912195,437.5990058736211,433.0297581357626,435.6951599121094,104260.0
2023-06-28,441.0258981584888,445.4047496085002,439.50284465447044,442.5489807128906,78193.0
2023-06-29,443.8816828435273,443.8816828435273,436.2662988510129,437.6941833496094,76522.0
2023-06-30,440.07398308122305,447.78456504765103,439.97881402330364,445.59515380859375,98969.0
2023-07-03,446.07109726192334,448.0701412539224,440.5499267578125,440.5499267578125,61274.0
2023-07-04,440.6451612782707,441.2163209018129,437.78939221094504,440.9307556152344,39986.0
2023-07-05,438.8364950832045,438.93169319156397,431.98263798669717,433.4105224609375,85818.0
2023-07-06,414.0865147431095,427.5086351689976,413.1345917207115,420.0836181640625,159033.0
2023-07-07,420.55954340528405,426.1759119933722,419.3220552030445,423.2249450683594,86514.0
2023-07-10,421.4162954008926,425.79511766632726,419.7980147894876,424.2720642089844,60074.0
2023-07-11,428.7461363916195,433.12498823661633,425.70000005842877,432.1730651855469,79790.0
2023-07-12,434.2672742337928,449.68840904893943,431.0307128679128,446.64227294921875,121832.0
2023-07-13,444.8336162477756,446.4518970041922,442.1682434082031,442.1682434082031,63507.0
2023-07-14,440.5499373888183,448.7364807128906,440.1691740121976,448.7364807128906,65685.0
2023-07-17,448.26053993786496,448.5461342713118,441.59707886282655,443.02496337890625,64311.0
2023-07-18,442.54898378479555,446.73743905068665,441.4066936488527,446.4518737792969,47021.0
2023-07-19,446.9278500350395,454.16247066996476,446.9278500350395,451.30670166015625,61542.0
2023-07-20,458.82690458449696,461.20671218088955,450.0692010096178,451.40191650390625,112512.0
2023-07-21,449.87881910437625,455.11439564504207,448.73649987534986,453.9720764160156,73192.0
2023-07-24,448.4509233661268,454.6384227592797,447.6893675490468,451.78265380859375,67141.0
2023-07-25,453.3057462415621,462.0634204503841,451.30670212257087,461.2066955566406,63433.0
2023-07-26,460.1595793628985,461.7778601075748,456.4470854167186,460.3499755859375,48703.0
2023-07-27,464.1576384768883,476.34224067571614,463.77687510512175,472.7249450683594,114494.0
2023-07-28,470.4403499659209,472.5345630989457,465.4903388326188,471.39227294921875,56818.0
2023-07-31,470.24996210043327,472.820165821136,467.870154599925,469.6788024902344,56804.0
2023-08-02,459.01729891980295,466.15672167954443,457.87497965809007,462.3490295410156,102734.0
2023-08-03,460.73072962478886,463.8720638884405,456.9230376444187,460.825927734375,53264.0
2023-08-04,460.4451672973194,468.4413146972656,455.7807213511649,468.4413146972656,76272.0
2023-08-07,466.1567028478928,469.2028390054277,463.11053763997353,467.013427734375,55085.0
2023-08-08,465.0143681613118,467.77493894830326,459.11243416121954,459.68359375,49089.0
2023-08-09,463.01534296772223,464.8239908638086,458.4461241723057,458.731689453125,81433.0
2023-08-10,459.77883267522117,462.82499805223006,454.9240193151572,460.4451904296875,60000.0
2023-08-11,457.7797679647771,458.44612568940676,449.78362052114477,451.4970703125,66861.0
2023-08-14,449.59322330450226,456.35188244501546,449.59322330450226,453.7817077636719,51499.0
2023-08-15,451.4018903540508,454.82878985402624,446.83264260344356,448.0701599121094,64707.0
2023-08-16,447.40382787120683,449.68843735238687,443.9768991242438,445.21441650390625,137803.0
2023-08-17,431.8874585479076,438.45572116146224,420.08359060426363,420.27398681640625,235898.0
2023-08-18,416.37109644104277,422.8441899922321,412.65860271115747,421.511474609375,167634.0
2023-08-21,418.9413142218733,422.1778465817581,418.6557198942932,420.1788024902344,95012.0
2023-08-22,421.13072795474704,424.0816950547673,419.7028434596131,421.606689453125,78571.0
2023-08-23,422.3682521650903,425.12882309060114,421.8922906589545,423.41534423828125,61866.0
2023-08-24,426.93747100384036,428.8413170283837,421.60669632504204,423.41534423828125,119311.0
2023-08-25,420.65478608304414,424.0817148413341,419.03653434328623,421.8923034667969,86311.0
2023-08-28,423.79613224566685,428.2701529262625,423.7009341353596,426.7470703125,67939.0
2023-08-29,427.5086368997931,431.4115271175028,423.986510082507,429.983642578125,63138.0
2023-08-30,430.6499491398436,432.173031713669,426.84225723047206,431.9826354980469,57492.0
2023-08-31,434.17207245764496,437.59900095996295,433.1249513804945,436.5518798828125,135428.0
2023-09-01,433.41050868177643,436.83743712107986,432.1730204635978,433.5057067871094,70797.0
2023-09-04,435.02880119877113,438.26533351577496,433.31535145752906,434.4576416015625,41887.0
2023-09-05,430.7451684283725,431.221129940448,426.84227821927595,428.7461242675781,75531.0
2023-09-06,424.3672545113627,430.55475390538436,424.27208545330035,428.4605407714844,56673.0
2023-09-07,425.89034639304305,429.88843463200135,425.60478111185375,427.9845886230469,61561.0
2023-09-08,427.69899677013257,428.7461178912029,424.3672662351537,425.6999816894531,107196.0
2023-09-11,428.2701297378716,429.60281605886223,425.89032236096597,427.3182067871094,53924.0
2023-09-12,428.07977135959436,428.6509019014615,423.22495840103835,424.36724853515625,83517.0
2023-09-13,420.0835980934137,425.1288073013052,419.988429036029,424.5576477050781,114813.0
2023-09-14,425.6999650656219,430.7451452014187,423.70092101262145,429.3172607421875,94774.0
2023-09-15,435.2191787411251,437.31339177385735,433.4105019191702,435.4095458984375,239754.0
2023-09-18,433.50572150394356,435.21920030695674,429.2220680719869,430.935546875,105560.0
2023-09-19,428.7461178912029,429.7932390122732,423.0345798312391,425.6999816894531,87459.0
2023-09-20,433.124938553527,436.3614707458284,431.3162907740393,434.3624267578125,79383.0
2023-09-21,430.26920095067936,436.26630429952826,429.60284322285844,431.8874816894531,77877.0
2023-09-22,428.36535594127156,431.41152120367457,426.17594463105905,429.60284423828125,64566.0
2023-09-25,427.5085991838181,431.3162909529006,424.65283035700617,429.4124450683594,96860.0
2023-09-26,425.0336381132442,430.0788186140309,422.6538305090267,428.0798034667969,77057.0
2023-09-27,428.4605633963018,430.17401323727887,426.3663211014315,429.12689208984375,71673.0
2023-09-28,430.17399105686616,432.26823324375414,425.22400896572435,430.935546875,57798.0
2023-09-29,433.6961153840062,442.35862030980456,432.7441924042566,436.9326477050781,114809.0
2023-10-02,435.0288194994389,439.5980383685569,426.74707761747936,431.0307312011719,99056.0
2023-10-03,427.5086501898772,439.8836499158567,427.5086501898772,437.3134460449219,89978.0
2023-10-04,432.8394116568806,435.3143882848272,424.9384331087589,429.983642578125,108166.0
2023-10-05,432.74419223189216,434.45764197460545,428.6509059903688,429.5076599121094,83809.0
2023-10-06,428.9364867579772,437.5037933015438,427.79416759868184,433.3153381347656,104540.0
2023-10-09,430.8403522109411,432.934565364188,424.6528527597577,430.07879638671875,62928.0
2023-10-10,433.124957788862,440.35957827848904,432.0778366962187,439.5980224609375,74558.0
2023-10-11,436.17113320446606,440.3595886230469,432.07784684622885,440.3595886230469,73587.0
2023-10-12,440.35959064030664,446.2614958774934,435.50477747477316,435.5999755859375,83161.0
2023-10-13,435.02883005095765,437.59903388366683,427.7942091240593,428.0798034667969,87855.0
2023-10-16,427.41341434829553,434.5528366369641,424.84321070422135,430.55474853515625,60528.0
2023-10-17,427.1278816851973,427.1278816851973,413.6105628332096,422.0826721191406,95241.0
2023-10-18,418.46535915383606,419.60764933054907,405.3288042437511,408.3749694824219,93949.0
2023-10-19,405.519200957497,411.8970967241655,404.0913164470833,407.1374816894531,92886.0
2023-10-20,400.8548084636792,401.90192964520975,394.95287384078813,396.8567199707031,168545.0
2023-10-23,397.42784957067335,399.9980532718829,394.5720805917224,399.3316955566406,92904.0
2023-10-24,399.33170690973037,401.61631634776626,395.99997633956576,397.8086242675781,75626.0
2023-10-25,396.6663316391798,397.90381993749173,391.1451607265626,396.3807373046875,79871.0
2023-10-26,392.76343464967005,399.5220937432203,389.3365060479729,398.2845764160156,84758.0
2023-10-27,400.28361169129505,401.90189237179385,395.99995829626334,401.23553466796875,64885.0
2023-10-30,404.3768927410593,405.2336467109465,397.0471028182272,399.4269104003906,51994.0
2023-10-31,397.90382230868306,402.47304118393976,394.8576570249219,401.5211181640625,130210.0
2023-11-01,397.04708815464215,404.66247213631686,397.04708815464215,401.9970703125,87838.0
2023-11-02,423.70094644199895,452.1634392275059,419.9884524352607,440.0740051269531,341255.0
2023-11-03,446.3567060469992,455.30477678086856,442.4538157869028,450.1643981933594,150518.0
2023-11-06,449.7836150399155,450.35477464686846,437.78937949544087,438.7413024902344,113131.0
2023-11-07,439.21726644692194,443.3105527776839,436.4566955566406,436.4566955566406,90619.0
2023-11-08,435.885517142712,436.64707294018854,431.6018638269497,433.69610595703125,111519.0
2023-11-09,432.36342675563964,444.83359448467405,432.36342675563964,442.92974853515625,82339.0
2023-11-10,440.359588143849,441.0259168174523,435.4095768952135,437.88458251953125,72716.0
2023-11-13,439.59804137183505,440.2643991095604,430.3644054585792,431.22113037109375,111522.0
2023-11-14,433.7913118591842,449.11724853515625,431.03071198799455,449.11724853515625,143368.0
2023-11-15,449.30764971835515,462.8249677495271,447.49900185371826,451.9730224609375,93598.0
2023-11-16,450.92594718802206,454.9240064506029,447.5942166106787,448.3557434082031,100347.0
2023-11-17,451.30671292556053,457.58941071404337,451.30671292556053,453.4961242675781,88773.0
2023-11-20,454.54323110774726,459.11244987359805,452.3538198346071,454.82879638671875,54175.0
2023-11-21,457.97018395620034,460.25479346009257,455.3999801078303,455.49517822265625,63120.0
2023-11-22,457.01824650382395,462.3490212118076,456.16152159816596,460.54034423828125,67431.0
2023-11-23,461.58746639463783,462.7297856383135,457.11344563274235,458.06536865234375,34175.0
2023-11-24,459.2076445533359,460.63552903829674,457.779760068375,459.3980407714844,42110.0
2023-11-27,457.8749457819228,460.9211108875276,454.6384135137073,455.9710998535156,66085.0
2023-11-28,453.3057487077151,455.97112151394754,451.49707174950225,455.2095947265625,52366.0
2023-11-29,457.58940656712315,463.681708074834,455.6855605303145,463.0153503417969,70946.0
2023-11-30,463.015324852002,467.298978198999,461.11147892000326,465.87109375,245748.0
2023-12-01,458.3509333616926,467.29900392461644,458.1605371378577,463.0153503417969,100013.0
2023-12-04,465.1096075597937,465.3951728543444,459.20767303573376,460.4451904296875,48461.0
2023-12-05,461.58746712579665,471.1066973368891,460.25478070632073,470.44036865234375,81378.0
2023-12-06,471.20190255784786,479.38844647297043,470.7259410401127,478.4365234375,96915.0
2023-12-07,476.53264752441555,481.1018661883787,474.4384053573752,480.9114990234375,93301.0
2023-12-08,481.10188978154093,485.67113771996316,478.43651693858357,482.81536865234375,95674.0
2023-12-11,482.4345751767369,486.4326634830531,480.7211253599644,485.29034423828125,68088.0
2023-12-12,486.8134071884845,488.7172822028832,483.5768748597363,488.5268859863281,92103.0
2023-12-13,489.4787962237858,494.0480147982989,489.0980038005904,490.0499267578125,84760.0
2023-12-14,499.5692011312168,520.701904296875,497.66535504603627,520.701904296875,221138.0
2023-12-15,523.557621010445,525.4614669050284,514.4191839567508,521.46337890625,345865.0
2023-12-18,513.4672890937403,520.3210882084991,510.0403314355919,511.373046875,78187.0
2023-12-19,510.4210807798512,514.2287724557908,510.2306845759014,512.8960571289062,98837.0
2023-12-20,511.94416670078004,517.0845740298432,510.8018475053473,515.5614624023438,79381.0
2023-12-21,511.94416761892484,515.561463326976,508.89800245923044,513.0864868164062,51790.0
2023-12-22,511.753767531137,516.5133824006631,510.42111022813015,515.1807250976562,40646.0
2023-12-27,515.1807289949942,516.7037825244574,511.1826408541932,513.0864868164062,41287.0
2023-12-28,514.6095571692321,516.3230650718552,508.7076809740448,509.4692077636719,66277.0
2023-12-29,512.7056943836565,513.657617364763,510.04032165671185,513.0864868164062,57941.0
2024-01-03,508.51728901584283,509.08841958766016,487.765378795439,492.5249938964844,116135.0
2024-01-04,490.43073890519713,495.38075010198565,488.9076272519252,494.04803466796875,79933.0
2024-01-05,489.8595560942281,494.6191711285706,485.86149689561114,494.4288330078125,62472.0
2024-01-08,491.1922890924904,496.9038273377519,485.09998744095526,495.951904296875,84316.0
2024-01-09,498.23652996200053,499.188452978282,492.14419941749145,497.4749450683594,55031.0
2024-01-10,494.4288251055569,498.04612085368956,487.9557022816927,491.3826599121094,87259.0
2024-01-11,494.9999500936596,496.3326655072958,484.3384010868733,486.0518798828125,67011.0
2024-01-12,489.6692394620608,496.5230389316699,488.9076545425291,493.857666015625,64399.0
2024-01-15,492.3345799454625,492.7153142793754,490.6211301909341,491.1922607421875,47458.0
2024-01-16,486.24225251686863,492.5249791222482,484.5288027520446,491.3826599121094,93865.0
2024-01-17,486.4326525906925,497.28459802186876,461.7778527215151,467.20379638671875,206296.0
2024-01-18,468.3461325016844,470.6307419721033,460.15958860316323,463.5865173339844,113531.0
2024-01-19,469.67878756622747,470.05955094413315,463.872051639419,464.823974609375,132551.0
2024-01-22,470.2499439999371,475.2951240866657,469.3932191428074,473.105712890625,67655.0
2024-01-23,470.0595727542048,475.295149331886,468.72688634450844,471.4874572753906,76011.0
2024-01-24,475.86629260623374,477.48457329481647,473.2009198783864,473.86724853515625,67853.0
2024-01-25,471.20188656107456,477.10382080078125,471.10668845068227,477.10382080078125,48316.0
2024-01-26,475.7711034024161,484.90957000524344,475.39034001279504,481.8634338378906,62351.0
2024-01-29,480.72110670935325,481.2922663095798,475.009568807856,478.8172607421875,63500.0
2024-01-30,480.3403571187138,484.1480491623812,479.5788012797495,482.4345703125,41509.0
2024-01-31,485.4807195656718,486.24224632915065,476.1518859863281,476.1518859863281,77768.0
2024-02-01,473.29612340576745,479.76918813344594,473.0105290778384,475.48553466796875,52104.0
2024-02-02,478.05573383230325,480.91150278219664,470.63071713235007,471.39227294921875,51974.0
2024-02-05,468.82207957060405,472.2490081958164,466.91823356219555,468.6316833496094,61782.0
2024-02-06,471.5826307780914,473.39127860046835,465.10956623998976,471.86822509765625,50028.0
2024-02-07,470.82113153732536,473.48650437337085,467.3942028549918,471.6778564453125,66158.0
2024-02-08,471.29710682492527,475.7711277198195,470.44038189189325,471.5826721191406,57683.0
2024-02-09,469.39321158096607,473.48646863819033,467.1086023152971,468.8220520019531,49231.0
2024-02-12,475.00957567010016,485.290332421163,473.39129495447713,484.3384094238281,113935.0
2024-02-13,483.1961292218884,486.24226544594774,462.8249824688985,475.1999816894531,101098.0
2024-02-14,473.0105451168581,483.76729272514194,473.0105451168581,480.5307312011719,70473.0
2024-02-15,485.4807236660385,485.6711198837083,478.0557359830645,481.4826354980469,72963.0
2024-02-16,479.76920421547555,492.14420353055726,479.76920421547555,487.765380859375,87911.0
2024-02-19,485.29031222967507,486.24223518740325,480.5306974410342,485.0999450683594,58409.0
2024-02-20,486.2422603426345,488.3365025781332,483.5768875432586,487.1941833496094,53882.0
2024-02-21,486.81339451333383,490.81145350343695,486.4326311405216,490.0499267578125,60165.0
2024-02-22,488.1461200458002,492.71533898726176,486.81343360873933,490.8114929199219,71551.0
2024-02-23,492.71531440075495,499.7595677387127,490.811468428417,498.61724853515625,65930.0
2024-02-26,497.4749222875835,498.61724147496517,490.62112336482807,493.0960998535156,83996.0
2024-02-27,492.5249752277867,496.1422709473169,490.62112925953204,493.667236328125,54309.0
2024-02-28,492.905716906472,493.85763990478523,484.90956953071714,486.81341552734375,81339.0
2024-02-29,488.146093553218,493.47689711291997,488.146093553218,488.5268859863281,130032.0
2024-03-01,491.76341194991386,494.9999734783498,487.1941930456524,492.9057312011719,70287.0
2024-03-04,493.0961244796505,493.667255051481,489.28843239872657,492.71533203125,50996.0
2024-03-05,490.4307467591501,493.6672501352422,488.5269007376478,489.6692199707031,45229.0
2024-03-06,488.1461024299687,496.7134094238281,487.95570620995136,496.7134094238281,61517.0
2024-03-07,496.14229357876883,499.75958946330144,491.1922822153591,497.8557434082031,91586.0
2024-03-08,497.8557237673413,502.80573493546854,496.523008341041,501.2826232910156,84238.0
2024-03-11,496.14227400550413,501.4730195091683,494.42882424366695,501.2826232910156,80272.0
2024-03-12,502.23455413095246,512.1345766219446,501.09229300571974,511.7537841796875,93618.0
2024-03-13,494.42882131288616,502.9961281720568,487.384567988372,500.9018859863281,209221.0
2024-03-14,499.18844309464055,507.1845614126239,495.7614854434172,498.998046875,95246.0
2024-03-15,496.1422701449057,509.65958811780575,496.1422701449057,503.3768615722656,300652.0
2024-03-18,504.32879441405737,506.42303663684476,499.7595756284652,501.6634216308594,80312.0
2024-03-19,501.4730058478222,506.4230168810991,498.99802938156716,504.89996337890625,77027.0
2024-03-20,505.4710933407912,516.8941688965152,505.4710933407912,514.7999267578125,83445.0
2024-03-21,521.0826484233504,529.8402931222844,517.0845603951432,519.369140625,126663.0
2024-03-22,517.2749910754434,520.130760128637,509.2788144861932,509.65960693359375,93591.0
2024-03-25,510.4211577447504,511.75381517181825,503.18650760911527,504.3288269042969,57688.0
2024-03-26,503.9480424766829,510.2307108248915,501.2826116857899,507.5653381347656,71728.0
2024-03-27,505.85188251577756,507.1845397949219,501.2826058422358,507.1845397949219,62686.0
2024-03-28,507.37493896484375,509.46918110230035,504.70956629024744,507.37493896484375,68554.0
2024-04-02,507.9460640404325,508.13646025102076,496.1422542939185,497.09417724609375,72613.0
2024-04-03,496.3326605124954,504.89996725482314,494.4288145697559,502.80572509765625,82564.0
2024-04-04,502.61533370043054,504.3287834451648,496.14226905323005,498.23651123046875,82839.0
2024-04-05,491.76338059946386,495.1903381347656,490.24032709539654,495.1903381347656,65236.0
2024-04-08,496.903820380654,498.2365358595311,494.04805129800656,497.8557434082031,50786.0
2024-04-09,494.6191592936548,498.4268512300209,492.52497520926784,493.4768981933594,63541.0
2024-04-10,495.95186948716884,496.71339624626626,478.24609635950793,483.386474609375,147662.0
2024-04-11,484.1480613877057,485.86151123046875,478.24612695083636,485.86151123046875,77650.0
2024-04-12,490.6211572342087,492.5250033110185,474.91439805014164,478.62689208984375,81735.0
2024-04-15,482.624943411063,487.38455823760205,478.4364881737853,483.0057067871094,55171.0
2024-04-16,475.39035328639983,480.14996841551954,474.91439177348786,475.58074951171875,95319.0
2024-04-17,474.4384322580335,479.9596032612885,472.5345861983701,474.53363037109375,84990.0
2024-04-18,477.6749414707646,478.24610107090626,468.9172674533337,475.1047668457031,79139.0
2024-04-19,468.8533989604789,475.49547685552716,466.60682168068513,474.2256774902344,136133.0
2024-04-22,476.862978361709,478.6211666421423,473.73727718661024,473.8349609375,74895.0
2024-04-23,473.8349586995891,482.4305921771703,470.90462504010975,479.9886474609375,68550.0
2024-04-24,481.55150766869457,483.50506348073793,477.449028539845,478.23046875,75781.0
2024-04-25,479.402583687342,483.5050628105047,466.41144947882015,471.9790954589844,63638.0
2024-04-26,476.08156196302036,485.0679309339903,476.08156196302036,483.99346923828125,76002.0
2024-04-29,484.677226289866,487.50987635723266,481.3561574430597,487.1191711425781,62297.0
2024-04-30,488.0959243425616,488.1935782846024,481.94220574031465,482.1375732421875,65288.0
2024-05-02,479.59795360955695,483.0166762931281,477.15600883557755,480.3793640136719,81677.0
2024-05-03,483.6027363324115,498.7427935344814,482.23525325658426,494.4449768066406,103659.0
2024-05-06,498.1567353632024,505.97095866301737,496.78925224751407,503.2359924316406,87509.0
2024-05-07,521.0133500672281,535.8603262922785,518.669059285488,526.6786499023438,223390.0
2024-05-08,539.1813879190809,543.6745423046237,532.1485752835348,536.8370971679688,135694.0
2024-05-10,539.767459666406,544.6513493109366,534.688262130329,537.8139038085938,107166.0
2024-05-13,539.1814000355114,541.5256908393042,535.0789209377698,537.2278442382812,81012.0
2024-05-14,534.8835747856949,542.1117553710938,529.2182746711413,542.1117553710938,82120.0
2024-05-15,543.0884896558779,556.1773368148439,542.6977546651249,553.0516357421875,108707.0
2024-05-16,555.3959099767848,556.5680554223075,551.2934903441462,552.465576171875,64509.0
2024-05-17,553.4423567717531,554.6145022229199,545.8235007658606,548.3631591796875,83304.0
2024-05-21,548.5584357926494,548.7538032930024,544.0652813734856,545.2374267578125,72467.0
2024-05-22,544.0653123980074,548.3631591796875,540.9396110674942,548.3631591796875,63299.0
2024-05-23,548.9491768844903,554.8098442533637,548.5584418794488,551.6841430664062,63971.0
2024-05-24,546.9956141174491,555.5912475585938,546.0188362350965,555.5912475585938,57468.0
2024-05-27,554.8098311475103,556.1773440150604,551.4887625364831,555.3958740234375,44188.0
2024-05-28,556.7634011150947,557.9355465146848,546.8002546452663,547.5816650390625,70606.0
2024-05-29,542.1117326594136,545.8234767432531,540.939587259835,541.330322265625,64763.0
2024-05-30,539.1814014346991,544.4560259480248,536.2510677312497,543.479248046875,58357.0
2024-05-31,542.5024809112598,542.697788801132,537.4232238009284,537.6185913085938,252779.0
2024-06-03,544.0652920308889,545.4328049423563,536.6418038143886,539.3767700195312,65379.0
2024-06-04,538.4000053347894,540.9396040981023,533.5161156993464,535.6650390625,50563.0
2024-06-05,535.6650424541182,540.1581971000571,535.6650424541182,539.9628295898438,41422.0
2024-06-06,543.8699113565679,549.9259461327423,541.134945217654,543.0885009765625,63835.0
2024-06-07,545.82350086252,545.82350086252,534.6882681189493,538.00927734375,48055.0
2024-06-10,535.0789114242258,540.1581683302747,533.7114581611526,538.9860229492188,50773.0
2024-06-11,541.1349472206376,542.697767986433,533.9067670388052,534.883544921875,56737.0
2024-06-12,536.2510593014935,547.9723939310343,526.6786479442599,541.1349487304688,89134.0
2024-06-13,537.6185792448439,540.1581779341265,532.1485872419246,537.2278442382812,75359.0
2024-06-14,538.5953777232495,538.5953777232495,525.3111620238184,529.6090087890625,70792.0
2024-06-17,532.1485786797572,534.2975019456929,526.6786463826397,528.6322021484375,45228.0
2024-06-18,530.9764524856034,533.3207433363971,528.6322212526027,531.3671875,53317.0
2024-06-19,531.5625429282694,531.9532183159956,524.72509765625,524.72509765625,73473.0
2024-06-20,526.4833038793662,535.0789377334298,525.7018934595047,531.5625610351562,62332.0
2024-06-21,529.6089978747999,530.390408283888,525.1157836914062,525.1157836914062,176048.0
2024-06-24,522.7715304277798,535.8603181772039,521.5993850546607,534.688232421875,64549.0
2024-06-25,529.0229159284434,533.9068056974202,524.5297611881028,527.850830078125,62173.0
2024-06-26,532.3439401002556,534.4928633416495,524.5297171263069,528.4368286132812,77133.0
2024-06-27,530.9764404199929,531.1718079227517,524.72509765625,524.72509765625,65568.0
2024-06-28,526.4832844963915,526.8740195008338,516.5201380610278,518.4736938476562,100823.0
2024-07-01,524.3343770380744,525.5065224689989,514.9573328262653,516.910888671875,83265.0
2024-07-02,512.8083999547581,520.2318881831769,512.026989554576,518.6690673828125,63091.0
2024-07-03,522.576152863043,529.0228628643314,520.0365542850299,526.092529296875,65393.0
2024-07-04,528.4368251287696,530.9764237314407,525.7018590294799,530.390380859375,43652.0
2024-07-05,532.3439787441289,533.7114917109562,526.4833110882302,527.6554565429688,39344.0
2024-07-08,526.0925534227766,530.3904000325883,524.920467636275,526.8740234375,45955.0
2024-07-09,524.5297624922013,530.781165259152,522.1854715501461,523.7483520507812,42348.0
2024-07-10,525.5065391418981,527.850830078125,524.1390261594667,527.850830078125,37814.0
2024-07-11,532.3439676917908,541.134968993123,529.41363392468,539.7674560546875,68274.0
2024-07-12,540.3535468396373,546.0188467427478,535.4696573338881,543.479248046875,41706.0
2024-07-15,543.0885345545092,547.3863813369504,537.4232344269599,538.00927734375,41663.0
2024-07-16,535.2742967822522,545.823486328125,534.1021513620904,545.823486328125,47684.0
2024-07-17,545.6280935499136,546.2141960417443,538.7906484697503,542.8931274414062,42591.0
2024-07-18,545.6281438237822,553.2470595950558,536.8371421964315,548.7538452148438,79070.0
2024-07-19,547.3863764300113,547.972419341548,542.3071192647841,544.0653076171875,64122.0
2024-07-22,546.9956471838599,554.4191356913802,546.9956471838599,550.5120239257812,54140.0
2024-07-23,552.0749151422343,556.9588049442395,549.7306241901537,555.0052490234375,35276.0
2024-07-24,551.2935078205928,555.2006196843312,537.2278812640166,540.5489501953125,71098.0
2024-07-25,532.3439462730099,535.4696474223913,525.3111335913496,534.883544921875,68240.0
2024-07-26,536.4464708148281,542.5025061271816,528.6322470873515,540.5489501953125,52325.0
2024-07-29,543.8699015977986,544.6513119637829,537.2278240602479,538.5953369140625,46090.0
2024-07-30,540.1582087816898,548.9492103712653,538.9860633128541,546.6049194335938,53589.0
2024-07-31,550.9027290903955,554.8098406442281,546.9956175365628,547.3863525390625,71504.0
2024-08-02,536.0556786606701,536.8370890265936,514.1758903258651,517.8876342773438,140413.0
2024-08-05,496.5938700992936,509.6826877787781,489.3657197218675,507.92449951171875,85103.0
2024-08-06,509.29202741255574,512.6130365443016,498.9381457696254,503.2359924316406,68928.0
2024-08-07,507.9245115130868,517.4969230757366,506.16632320448457,514.5665893554688,67063.0
2024-08-08,509.87806487597624,513.0037660861307,503.8220299596381,512.4176635742188,59470.0
2024-08-09,515.7387287208556,518.8644299093887,511.831617139637,514.3712158203125,46238.0
2024-08-12,516.3247848780618,518.864443241786,510.0734419581565,510.65948486328125,59936.0
2024-08-13,512.6130467523494,513.1991492821826,502.8452674330677,510.8548583984375,62457.0
2024-08-14,515.7387145340049,516.9108598996855,512.6130134314529,515.93408203125,75400.0
2024-08-15,498.15674054831845,507.7291522666687,493.2728509350996,506.5570068359375,156422.0
2024-08-16,505.5802207485628,508.31524658203125,500.50102332707485,508.31524658203125,86128.0
2024-08-19,509.87809574471163,515.5433959960938,507.7291723065196,515.5433959960938,57682.0
2024-08-20,516.1294530338673,518.669051661932,513.9805297851562,513.9805297851562,39463.0
2024-08-21,513.78515625,516.520122344503,512.6130108901303,513.78515625,56958.0
2024-08-22,513.9805202770513,519.6458199240944,513.9805202770513,515.7387084960938,36226.0
2024-08-23,516.1294816613679,521.7947817274433,514.5666012038961,521.2086791992188,43921.0
2024-08-26,522.1854715501461,524.5297624922013,518.6690947548583,523.7483520507812,35191.0
2024-08-27,523.5529508164487,523.7483183186698,517.1062405676911,518.4736938476562,32254.0
2024-08-28,519.8412294854269,523.55297371883,516.7155281665318,519.255126953125,42498.0
2024-08-29,516.7155447797079,525.1158114526378,516.7155447797079,523.9437255859375,43065.0
2024-08-30,524.1389821304934,531.9532051044421,523.1622042587499,528.4368286132812,119622.0
2024-09-02,529.0228846376463,531.3671754352124,522.9669093765517,530.9764404296875,33017.0
2024-09-03,528.046110281026,534.6882477127205,524.9204686870426,529.0228881835938,58521.0
2024-09-04,522.5761729231344,524.7250962119841,515.7387276699345,518.4736938476562,77295.0
2024-09-05,516.9108837761279,518.2783370844274,512.613037109375,512.613037109375,54582.0
2024-09-06,510.8548517313147,516.7155192463966,506.94774005459334,507.5337829589844,56892.0
2024-09-09,509.87807686941966,514.7619664946056,509.87807686941966,512.8084106445312,52694.0
2024-09-10,510.854863173166,518.2783516780867,510.46412814962525,515.1527099609375,54223.0
2024-09-11,516.3247837126255,522.5761862362133,512.6130395470296,514.761962890625,57596.0
2024-09-12,522.1854368713414,528.2414717213015,519.6458382009346,522.576171875,68773.0
2024-09-13,524.529729102675,531.3671743609966,523.943686213364,528.8275756835938,47591.0
2024-09-16,528.4368669735297,531.1718332893902,526.4833110882302,527.6554565429688,37577.0
2024-09-17,528.8275945568922,540.5489297037657,528.8275945568922,537.8139038085938,60430.0
2024-09-18,538.009261798325,538.2046293042082,530.195038505342,533.3207397460938,56068.0
2024-09-19,540.158201872789,548.5584683260438,537.4232355590174,544.2606811523438,100826.0
2024-09-20,542.307121707408,544.8467204925635,534.2975307128341,535.8603515625,146205.0
2024-09-23,532.539310281317,539.572122916863,532.539310281317,536.8370971679688,61663.0
2024-09-24,542.30708086583,544.065269093742,533.7114476044239,538.5953369140625,42401.0
2024-09-25,538.3999969195343,549.9259643554688,537.8138944017659,549.9259643554688,59041.0
2024-09-26,551.8795442344571,555.2006131265258,544.2606881137174,546.6049194335938,86795.0
2024-09-27,548.1677796165733,551.4887887677726,544.8467108475811,547.972412109375,70607.0
2024-09-30,543.0884912318143,546.8002351835818,537.4231915561913,538.5953369140625,84585.0
2024-10-01,543.0884921628608,545.8234582573892,531.9532006706792,534.4928588867188,91969.0
2024-10-02,536.2510531741736,536.6417881711434,531.9532066786671,534.688232421875,46775.0
2024-10-03,534.2975297620438,535.6650427164134,521.990151643893,523.3576049804688,73590.0
2024-10-04,522.9669176168698,524.920473439693,516.7155151367188,516.7155151367188,85496.0
2024-10-07,518.2783298980215,518.8644324087024,513.3944403979732,516.5201416015625,44653.0
2024-10-08,514.5665822743991,520.4272496342847,513.3944368788638,518.4736938476562,38922.0
2024-10-09,517.6922763270699,518.278319207871,514.3712076884215,516.1294555664062,52847.0
2024-10-10,513.7851861321304,515.738741972937,509.0966640377532,510.65948486328125,51942.0
2024-10-11,509.6826963174258,513.3944404140202,508.31524302804456,510.268798828125,44876.0
2024-10-14,510.85485479445686,515.1527015117379,510.07344437798577,512.8084106445312,40847.0
2024-10-15,517.3015670738332,517.692302092341,510.07344617378607,511.8316345214844,71242.0
2024-10-16,506.3616900370192,511.4408874511719,503.8220317121507,511.4408874511719,53542.0
2024-10-17,509.0966544778856,515.9340997923144,508.7059194699443,512.4176635742188,46239.0
2024-10-18,522.5761586648022,525.5064922647916,516.3247564710418,520.0365600585938,163625.0
2024-10-21,519.2550945398577,522.3807956636383,512.8083844115148,513.9805297851562,61125.0
2024-10-22,510.85483418446887,513.1991249570971,501.4777903295376,503.822021484375,72571.0
2024-10-23,500.50101595946876,506.1663158123579,500.3056484574123,501.86846923828125,43423.0
2024-10-24,500.69634828053995,504.40815214739547,497.9613819716418,501.6731262207031,51008.0
2024-10-25,500.6963305414961,507.5337758803964,500.1102876452786,505.1895446777344,54953.0
2024-10-28,502.84525732504204,510.6594806233886,502.84525732504204,509.4873352050781,60457.0
2024-10-29,512.8083924989443,513.1991275022503,502.6498785908963,505.970947265625,51764.0
2024-10-30,505.97096753841635,510.8548571864706,503.4313687685456,504.60345458984375,101706.0
2024-10-31,528.241455078125,540.1581569007593,523.3575657752249,528.241455078125,209863.0
2024-11-01,528.0461164033209,528.4368514159951,521.4040385124085,522.9669189453125,78253.0
2024-11-04,522.9669104312,526.4832870168489,519.8412092340723,520.6226196289062,71653.0
2024-11-05,522.5761947913749,522.5761947913749,514.761971317859,517.1062622070312,51085.0
2024-11-06,524.5297519714261,526.4833078446903,502.64990234375,502.64990234375,93032.0
2024-11-07,504.0174104896794,513.3944547446956,501.28244421678244,508.7059326171875,91163.0
2024-11-08,507.7291564941406,510.6594902864706,504.4081473001762,507.7291564941406,52953.0
2024-11-11,511.8316302913238,517.1062549086188,510.464117355642,510.65948486328125,66688.0
2024-11-12,510.4641233785487,518.669081853863,508.70593502463674,510.8548583984375,101777.0
2024-11-13,508.51057055021323,510.07345102130404,502.2592275192321,505.7756042480469,58750.0
2024-11-14,505.970959220769,515.5433708500358,505.970959220769,512.613037109375,56519.0
2024-11-15,509.6826973720056,516.129467296285,509.6826973720056,512.4176635742188,61879.0
2024-11-18,512.4176564546698,512.8083914571822,506.16631373900924,510.07342529296875,42069.0
2024-11-19,510.46410779942255,513.5898090097566,500.6963287782488,506.16632080078125,54569.0
2024-11-20,511.2455674007442,512.8083881651789,502.45456646076974,504.7987976074219,67958.0
2024-11-21,504.60345458984375,506.9477454680272,499.7195947506863,504.60345458984375,45723.0
2024-11-22,507.3384686161501,514.5665893554688,505.7755881946654,514.5665893554688,67555.0
2024-11-25,517.4969062882906,518.0830087840064,509.8780507863061,513.9805297851562,108174.0
2024-11-26,510.6594866640822,512.6130425117778,507.7291528925387,509.6827087402344,51830.0
2024-11-27,509.87807265933725,511.6362609863281,505.5802259775437,511.6362609863281,67650.0
2024-11-28,514.371237520128,516.5201609040133,511.8316387323143,513.0037841796875,31312.0
2024-11-29,517.3015378196776,519.2550935661534,513.394426326726,518.0830078125,81090.0
2024-12-02,515.7387585586376,525.3111705628716,514.1759376828506,521.5994262695312,67157.0
2024-12-03,520.0365722283311,532.9299926757812,520.0365722283311,532.9299926757812,91034.0
2024-12-04,531.1718281903853,539.9628295898438,531.1718281903853,539.9628295898438,97216.0
2024-12-05,537.2278224000144,539.3767456131723,529.9996423969711,532.3439331054688,86761.0
2024-12-06,529.2182890496113,535.8603672822308,529.2182890496113,534.2975463867188,57934.0
2024-12-09,536.837104233867,538.5953521292384,529.608983622083,532.9299926757812,54688.0
2024-12-10,531.9532147345724,533.711462629773,526.2879148994567,526.6786499023438,70299.0
2024-12-11,525.5065070185417,535.8603288487421,524.5297291244552,535.0789184570312,63385.0
2024-12-12,532.5393579748188,542.6978130312381,531.9532554256551,534.2975463867188,74532.0
2024-12-13,533.9068033012555,535.2743162775496,524.9204938609047,525.701904296875,48814.0
2024-12-16,524.7251203347025,527.0693516157512,521.2086839864384,525.5065307617188,59568.0
2024-12-17,525.1157969848516,525.3111644965177,519.6458643649696,521.404052734375,72696.0
2024-12-18,517.6922809575615,521.4040250106801,515.3479901778071,516.3247680664062,77409.0
2024-12-19,509.87807925685973,511.24559220543233,503.8220441697138,504.60345458984375,110823.0
2024-12-20,498.7428098493696,502.25921630859375,496.20318130610246,502.25921630859375,179386.0
2024-12-23,502.6498953069226,502.6498953069226,497.1799627854767,500.3056640625,39604.0
2024-12-27,501.2824270693437,505.3849061472518,498.74279858344335,504.9941711425781,52118.0
2024-12-30,503.62668028038206,505.1895607496698,499.91493604473897,502.64990234375,50342.0
2025-01-03,504.21277757184646,506.5570088247193,492.6867801540602,499.3288879394531,99925.0
2025-01-06,503.04063095000964,505.7755972141404,497.9613738207422,503.4313659667969,80565.0
2025-01-07,501.8684937322946,508.3152639080483,499.32889493498794,501.6731262207031,68963.0
2025-01-08,501.47780822021025,502.45458614068764,490.92858879371653,494.05426025390625,82782.0
2025-01-09,493.0774877471694,494.05426567837134,489.9518162526614,491.1239318847656,59933.0
2025-01-10,489.3657183254613,493.4681973487538,484.6771964207515,485.0679016113281,103764.0
2025-01-13,483.5050790719471,484.5795407649975,477.44904393576996,482.91900634765625,79049.0
2025-01-14,488.38894704796263,489.7564301379178,482.33291218100965,483.2120361328125,71955.0
2025-01-15,483.40738575467293,503.0406278722427,483.0166805491728,498.15673828125,135839.0
2025-01-16,500.5010154890963,502.25920377036937,475.20244425024043,482.1375732421875,209499.0
2025-01-17,487.21681481056453,495.03103817438364,485.9470154375025,494.05426025390625,138449.0
2025-01-20,492.10069133668213,495.8124652212036,489.9517978540709,494.64031982421875,59758.0
2025-01-21,493.85891120433564,494.6403215991991,489.9517996122268,493.6635437011719,75778.0
2025-01-22,486.72843479261445,494.64034205562,486.43541333464634,489.1703796386719,90388.0
2025-01-23,491.3192982879302,491.5146657972893,483.50507485591544,486.9237976074219,89108.0
2025-01-24,483.6027526234942,490.92858700031275,483.6027526234942,486.7284240722656,93178.0
2025-01-27,483.5050648052249,489.7564374591092,479.1095642160865,487.6075439453125,97259.0
2025-01-28,489.56109441642263,497.5706552949349,488.9750217158252,490.5378723144531,69935.0
2025-01-29,492.1007044129515,496.007816094861,490.92858879371653,494.05426025390625,61757.0
2025-01-30,495.6170924677146,502.45456746582255,495.2263872758244,500.6963195800781,75679.0
2025-01-31,503.04061998480813,503.4313549930782,497.3753200716444,498.9381408691406,75704.0
2025-02-03,487.1191461601037,494.64031803538677,485.94700076735785,492.4914245605469,78673.0
2025-02-04,490.92857573901904,493.27283672404724,488.38894725153193,491.5146484375,58109.0
2025-02-05,493.27284452857435,495.0310328429395,486.3377154060963,493.8589172363281,75256.0
2025-02-06,498.1567258853285,504.9941711425781,494.83568700787214,504.9941711425781,89970.0
2025-02-07,507.9245211383489,510.07344449749286,495.22640810989014,496.20318603515625,75023.0
2025-02-10,496.3985559563794,498.9381547272969,493.2728546567777,498.35211181640625,45741.0
2025-02-11,496.98458329397096,501.86847279099857,496.39854040144434,499.9149169921875,66086.0
2025-02-12,501.28244621090613,504.99419042587414,496.78926176564704,501.4778137207031,83756.0
2025-02-13,512.2223441577518,522.3807983398438,510.6594637789596,522.3807983398438,120282.0
2025-02-14,522.576159799317,525.3111259083536,519.4504586956509,522.1854248046875,112752.0
2025-02-17,522.9669355957477,523.552978515625,519.2551317105431,523.552978515625,56626.0
2025-02-18,522.5761551736543,524.7250783895151,518.4736762375184,521.9901123046875,56218.0
2025-02-19,522.1854462345599,522.9669162558894,509.09665802638295,510.464111328125,85563.0
2025-02-20,511.05022230302296,515.1527015117379,510.85485479445686,512.8084106445312,81942.0
2025-02-21,515.934134720771,518.8644686253367,512.0270228480166,513.58984375,106691.0
2025-02-24,513.5898246842777,514.3712351062615,506.55701165083605,510.8548583984375,66390.0
2025-02-25,504.40813775538686,512.2223610537334,504.40813775538686,509.4873352050781,68865.0
2025-02-26,510.4641396621998,526.678689620123,510.26883176381887,521.7947998046875,114926.0
2025-02-27,518.8644253221958,523.1622122528654,512.8083905012891,520.42724609375,96866.0
2025-02-28,516.1294555664062,521.0133449657183,513.1991219268191,516.1294555664062,139891.0
2025-03-03,519.4504656943913,522.185431840277,511.63624263883725,518.2783203125,90168.0
2025-03-04,514.175915831112,516.7155145507853,504.99417962713795,507.3384704589844,92688.0
2025-03-05,520.0365862624454,549.9259666413033,519.255116235506,541.7210083007812,236968.0
2025-03-06,532.3439533882649,581.7688910850864,522.5761744270123,578.6432495117188,293806.0
2025-03-07,571.0243435129652,572.0011214249736,555.0052215267037,566.5311889648438,196875.0
2025-03-10,566.531178340977,576.2989572778904,558.130912302348,572.391845703125,157869.0
2025-03-11,572.5872312254181,573.5640091498499,561.6473065482245,562.6240844726562,107492.0
2025-03-12,566.335796186142,570.8290101515462,560.0844535989303,563.600830078125,93927.0
2025-03-13,560.4751305528288,578.8385426072354,560.4751305528288,569.8522338867188,144159.0
2025-03-14,571.0243363497676,583.3317736573581,566.1404468509917,570.4382934570312,124410.0
2025-03-17,571.6104521119996,572.0011275102838,565.5544170695615,566.7265625,100384.0
2025-03-18,568.0940073095458,568.4847423197691,559.4983736447641,564.3822631835938,92303.0
2025-03-19,561.2565513640701,565.5543979242551,560.2797734747363,563.9915771484375,64540.0
2025-03-20,562.4287084811464,566.5311876254408,554.4191176980557,560.27978515625,71442.0
2025-03-21,554.0284566385033,557.5448333572774,548.9491994531008,552.465576171875,370287.0
2025-03-24,557.154121719408,557.154121719408,548.949163752153,549.14453125,93744.0
2025-03-25,552.0748937356785,554.223817088796,544.8467132618632,550.121337890625,69828.0
2025-03-26,550.7073591475062,553.2470174169121,546.2142047276361,551.48876953125,73862.0
2025-03-27,548.558434882097,557.5448033232989,545.0420583527439,555.5912475585938,89925.0
2025-03-28,554.419103096493,557.3494367484149,542.1117256055377,545.2374267578125,97896.0
2025-03-31,542.1117337313565,543.0885116299715,533.1253651405397,537.2278442382812,95442.0
2025-04-01,538.7906877720682,541.525713697873,534.4929006074212,538.00927734375,73535.0
2025-04-02,537.8139062130841,541.9163854563901,532.7347086542986,539.9628295898438,60502.0
2025-04-03,532.3439582769018,541.3303269273364,527.8508037605806,535.2742919921875,109262.0
2025-04-04,529.6090041451946,537.6185950732118,512.222368961514,519.059814453125,140501.0
2025-04-07,493.2728314651451,521.7947576041137,484.09112531648384,497.5706481933594,220457.0
2025-04-08,507.9245108386366,519.2551106948432,500.11028759496526,511.4408874511719,156970.0
2025-04-09,503.0406355540456,516.3247915972873,495.6171173005949,503.6266784667969,149357.0
2025-04-10,532.3439741332697,534.102162491252,514.761971317859,517.1062622070312,151057.0
2025-04-11,524.9204878459051,529.2182750033915,515.3480163571255,525.5065307617188,83817.0
2025-04-14,534.2975080653204,536.8371067428287,529.6089860972634,535.0789184570312,82512.0
2025-04-15,533.1253955864705,547.972432416868,533.1253955864705,546.6049194335938,126233.0
2025-04-16,541.1349537088147,545.6281081776918,538.2046200244708,545.4328002929688,78812.0
2025-04-17,544.0653246683788,544.8467351141818,531.5625786821439,538.4000244140625,120310.0
2025-04-22,536.4000244140625,539.7999877929688,530.7999877929688,539.7999877929688,61583.0
2025-04-23,545.0,551.5999755859375,541.7999877929688,545.7999877929688,95441.0
2025-04-24,545.7999877929688,554.5999755859375,544.0,554.5999755859375,79209.0
2025-04-25,555.0,561.0,555.0,556.5999755859375,77330.0
2025-04-28,556.7999877929688,565.7999877929688,556.7999877929688,562.7999877929688,81297.0
2025-04-29,561.2000122070312,567.4000244140625,560.5999755859375,562.2000122070312,54415.0
2025-04-30,563.0,570.2000122070312,561.7999877929688,570.2000122070312,96731.0
2025-05-02,572.2000122070312,585.0,558.0,582.7999877929688,119920.0
2025-05-05,583.0,589.4000244140625,582.7999877929688,587.4000244140625,72131.0
2025-05-06,587.4000244140625,595.0,572.4000244140625,585.2000122070312,159103.0
2025-05-07,589.0,589.2000122070312,578.7999877929688,578.7999877929688,64692.0
2025-05-08,580.2000122070312,588.5999755859375,580.2000122070312,585.7999877929688,49714.0
2025-05-09,590.2000122070312,593.5999755859375,585.7999877929688,587.0,57601.0
2025-05-12,595.0,595.7999877929688,571.0,577.5999755859375,93271.0
2025-05-13,583.5999755859375,590.4000244140625,582.5999755859375,585.0,78687.0
2025-05-14,598.0,601.4000244140625,590.5999755859375,600.5999755859375,128480.0
2025-05-15,598.2000122070312,604.0,595.2000122070312,604.0,98465.0
2025-05-16,605.0,605.2000122070312,601.2000122070312,605.2000122070312,101767.0
2025-05-19,604.7999877929688,608.7999877929688,601.5999755859375,608.7999877929688,61642.0
2025-05-20,609.5999755859375,614.7999877929688,607.7999877929688,612.7999877929688,70265.0
2025-05-21,605.4000244140625,608.2000122070312,597.0,608.2000122070312,82615.0
2025-05-22,602.4000244140625,605.2000122070312,595.0,597.5999755859375,54290.0
2025-05-23,599.7999877929688,600.5999755859375,588.4000244140625,596.5999755859375,70360.0
2025-05-26,603.0,603.7999877929688,597.4000244140625,602.2000122070312,65086.0
2025-05-27,600.7999877929688,609.7999877929688,599.4000244140625,606.2000122070312,94304.0
2025-05-28,605.7999877929688,617.0,605.7999877929688,608.2000122070312,176594.0
2025-05-30,610.4000244140625,619.2000122070312,609.5999755859375,613.0,219270.0
2025-06-02,610.2000122070312,622.5999755859375,609.7999877929688,617.7999877929688,95261.0
2025-06-03,620.5999755859375,622.4000244140625,617.4000244140625,620.2000122070312,70760.0
2025-06-04,624.0,632.0,621.5999755859375,628.2000122070312,121795.0
2025-06-05,632.4000244140625,639.2000122070312,629.4000244140625,638.7999877929688,93794.0
2025-06-06,637.0,639.2000122070312,634.4000244140625,636.7999877929688,51970.0
2025-06-10,636.4000244140625,640.0,632.4000244140625,639.7999877929688,184755.0
2025-06-11,638.4000244140625,645.0,638.4000244140625,643.5999755859375,140251.0
2025-06-12,638.5999755859375,648.0,637.4000244140625,647.0,125614.0
